ì˙ït,à◊ë÷ëäèÍ
1998/1/1,      
1998/1/2,      
1998/1/3,      
1998/1/4,      
1998/1/5,132.85
1998/1/6,133.59
1998/1/7,133.12
1998/1/8,133.01
1998/1/9,131.39
1998/1/10,
1998/1/11,
1998/1/12,132.29
1998/1/13,132.55
1998/1/14,130.89
1998/1/15,
1998/1/16,128.9
1998/1/17,
1998/1/18,
1998/1/19,129.07
1998/1/20,129.38
1998/1/21,128.41
1998/1/22,126.91
1998/1/23,126.02
1998/1/24,
1998/1/25,
1998/1/26,125.58
1998/1/27,126.27
1998/1/28,126.07
1998/1/29,125.85
1998/1/30,127.34
1998/1/31,
1998/2/1,
1998/2/2,126.68
1998/2/3,126.04
1998/2/4,125.35
1998/2/5,123.68
1998/2/6,124.07
1998/2/7,
1998/2/8,
1998/2/9,124.72
1998/2/10,123.54
1998/2/11,
1998/2/12,123
1998/2/13,124.73
1998/2/14,
1998/2/15,
1998/2/16,126.15
1998/2/17,125.68
1998/2/18,126.23
1998/2/19,125.88
1998/2/20,126.81
1998/2/21,
1998/2/22,
1998/2/23,128.64
1998/2/24,127.95
1998/2/25,127.03
1998/2/26,128.17
1998/2/27,126.72
1998/2/28,
1998/3/1,
1998/3/2,124.82
1998/3/3,125.96
1998/3/4,125.91
1998/3/5,127.12
1998/3/6,127.23
1998/3/7,
1998/3/8,
1998/3/9,128.18
1998/3/10,127.45
1998/3/11,128.24
1998/3/12,129.01
1998/3/13,128.51
1998/3/14,
1998/3/15,
1998/3/16,129.17
1998/3/17,129.15
1998/3/18,130.3
1998/3/19,129.87
1998/3/20,130.02
1998/3/21,
1998/3/22,
1998/3/23,130.58
1998/3/24,129.93
1998/3/25,129.68
1998/3/26,128.94
1998/3/27,129.09
1998/3/28,
1998/3/29,
1998/3/30,131.67
1998/3/31,133.39
1998/4/1,133.29
1998/4/2,133.87
1998/4/3,134.57
1998/4/4,
1998/4/5,
1998/4/6,134.78
1998/4/7,133.97
1998/4/8,133.24
1998/4/9,132.14
1998/4/10,129.03
1998/4/11,
1998/4/12,
1998/4/13,129.44
1998/4/14,129.82
1998/4/15,129.28
1998/4/16,131.43
1998/4/17,131.88
1998/4/18,
1998/4/19,
1998/4/20,132.19
1998/4/21,131.55
1998/4/22,130.73
1998/4/23,130.55
1998/4/24,129.78
1998/4/25,
1998/4/26,
1998/4/27,132.65
1998/4/28,131.87
1998/4/29,
1998/4/30,131.95
1998/5/1,133.02
1998/5/2,
1998/5/3,
1998/5/4,
1998/5/5,
1998/5/6,132.36
1998/5/7,133.16
1998/5/8,132.86
1998/5/9,
1998/5/10,
1998/5/11,132.54
1998/5/12,133.13
1998/5/13,134.12
1998/5/14,134.13
1998/5/15,134.14
1998/5/16,
1998/5/17,
1998/5/18,135.31
1998/5/19,135.93
1998/5/20,136.14
1998/5/21,135.17
1998/5/22,135.99
1998/5/23,
1998/5/24,
1998/5/25,137.14
1998/5/26,137.68
1998/5/27,137.81
1998/5/28,137.15
1998/5/29,138.72
1998/5/30,
1998/5/31,
1998/6/1,139.13
1998/6/2,139.25
1998/6/3,137.77
1998/6/4,138.17
1998/6/5,139.43
1998/6/6,
1998/6/7,
1998/6/8,140.56
1998/6/9,140.36
1998/6/10,140.85
1998/6/11,141.69
1998/6/12,144.03
1998/6/13,
1998/6/14,
1998/6/15,146.45
1998/6/16,145.15
1998/6/17,142
1998/6/18,136.89
1998/6/19,134.99
1998/6/20,
1998/6/21,
1998/6/22,138.55
1998/6/23,137.75
1998/6/24,140.36
1998/6/25,140.92
1998/6/26,141.29
1998/6/27,
1998/6/28,
1998/6/29,142.13
1998/6/30,139.95
1998/7/1,138.25
1998/7/2,139.19
1998/7/3,139.24
1998/7/4,
1998/7/5,
1998/7/6,140.53
1998/7/7,139.83
1998/7/8,139.04
1998/7/9,140.24
1998/7/10,141.33
1998/7/11,
1998/7/12,
1998/7/13,142.42
1998/7/14,141.37
1998/7/15,140.67
1998/7/16,139.72
1998/7/17,138.95
1998/7/18,
1998/7/19,
1998/7/20,
1998/7/21,139.48
1998/7/22,140.66
1998/7/23,141.68
1998/7/24,140.54
1998/7/25,
1998/7/26,
1998/7/27,142.35
1998/7/28,141.94
1998/7/29,141.09
1998/7/30,142.31
1998/7/31,143.79
1998/8/1,
1998/8/2,
1998/8/3,145.64
1998/8/4,144.62
1998/8/5,143.81
1998/8/6,144.67
1998/8/7,145.54
1998/8/8,
1998/8/9,
1998/8/10,146.65
1998/8/11,147.41
1998/8/12,145.92
1998/8/13,146.56
1998/8/14,144.89
1998/8/15,
1998/8/16,
1998/8/17,146.45
1998/8/18,145.78
1998/8/19,144.17
1998/8/20,142.55
1998/8/21,142.94
1998/8/22,
1998/8/23,
1998/8/24,144.41
1998/8/25,144.77
1998/8/26,144.67
1998/8/27,143.67
1998/8/28,143.32
1998/8/29,
1998/8/30,
1998/8/31,141.52
1998/9/1,138.23
1998/9/2,137.62
1998/9/3,135.59
1998/9/4,135.41
1998/9/5,
1998/9/6,
1998/9/7,131.99
1998/9/8,131.93
1998/9/9,133.41
1998/9/10,135.7
1998/9/11,130.78
1998/9/12,
1998/9/13,
1998/9/14,132.59
1998/9/15,
1998/9/16,134.92
1998/9/17,134.3
1998/9/18,132.1
1998/9/19,
1998/9/20,
1998/9/21,133
1998/9/22,135.15
1998/9/23,
1998/9/24,136.8
1998/9/25,134.65
1998/9/26,
1998/9/27,
1998/9/28,135.72
1998/9/29,134.43
1998/9/30,135.72
1998/10/1,136.28
1998/10/2,134.79
1998/10/3,
1998/10/4,
1998/10/5,135.76
1998/10/6,132.86
1998/10/7,128.19
1998/10/8,122.37
1998/10/9,117.2
1998/10/10,
1998/10/11,
1998/10/12,116.72
1998/10/13,118.38
1998/10/14,119.72
1998/10/15,118.73
1998/10/16,116.44
1998/10/17,
1998/10/18,
1998/10/19,114.72
1998/10/20,115.14
1998/10/21,116.37
1998/10/22,117.72
1998/10/23,119.14
1998/10/24,
1998/10/25,
1998/10/26,119.02
1998/10/27,119.37
1998/10/28,117.89
1998/10/29,116.37
1998/10/30,116.09
1998/10/31,
1998/11/1,
1998/11/2,115.7
1998/11/3,
1998/11/4,116.65
1998/11/5,117.64
1998/11/6,118.01
1998/11/7,
1998/11/8,
1998/11/9,119.37
1998/11/10,122.33
1998/11/11,121.13
1998/11/12,123.23
1998/11/13,121.69
1998/11/14,
1998/11/15,
1998/11/16,122.15
1998/11/17,120.62
1998/11/18,121.23
1998/11/19,120.64
1998/11/20,120.17
1998/11/21,
1998/11/22,
1998/11/23,
1998/11/24,121.63
1998/11/25,120.85
1998/11/26,121.93
1998/11/27,122.87
1998/11/28,
1998/11/29,
1998/11/30,123.83
1998/12/1,122.79
1998/12/2,121.88
1998/12/3,119.23
1998/12/4,118.32
1998/12/5,
1998/12/6,
1998/12/7,118.97
1998/12/8,119.87
1998/12/9,118.79
1998/12/10,117.06
1998/12/11,117.29
1998/12/12,
1998/12/13,
1998/12/14,115.62
1998/12/15,117.58
1998/12/16,115.62
1998/12/17,116.11
1998/12/18,115.2
1998/12/19,
1998/12/20,
1998/12/21,114.9
1998/12/22,117.09
1998/12/23,
1998/12/24,116.12
1998/12/25,116.18
1998/12/26,
1998/12/27,
1998/12/28,116.13
1998/12/29,115.36
1998/12/30,115.2
1998/12/31,
1999/1/1,
1999/1/2,
1999/1/3,
1999/1/4,113.87
1999/1/5,111.53
1999/1/6,112.52
1999/1/7,110.98
1999/1/8,111.42
1999/1/9,
1999/1/10,
1999/1/11,110.23
1999/1/12,112.51
1999/1/13,111.55
1999/1/14,113.46
1999/1/15,
1999/1/16,
1999/1/17,
1999/1/18,114.15
1999/1/19,114.04
1999/1/20,113.4
1999/1/21,113.13
1999/1/22,113.7
1999/1/23,
1999/1/24,
1999/1/25,114.34
1999/1/26,113.57
1999/1/27,113.82
1999/1/28,115.47
1999/1/29,115.98
1999/1/30,
1999/1/31,
1999/2/1,115.49
1999/2/2,113.19
1999/2/3,112.38
1999/2/4,113.79
1999/2/5,112.06
1999/2/6,
1999/2/7,
1999/2/8,113.51
1999/2/9,114.7
1999/2/10,115.3
1999/2/11,
1999/2/12,114.33
1999/2/13,
1999/2/14,
1999/2/15,114.09
1999/2/16,117.02
1999/2/17,118.62
1999/2/18,118.69
1999/2/19,120.07
1999/2/20,
1999/2/21,
1999/2/22,121.99
1999/2/23,120.34
1999/2/24,121.36
1999/2/25,120.62
1999/2/26,120.32
1999/2/27,
1999/2/28,
1999/3/1,119.12
1999/3/2,120.09
1999/3/3,121.19
1999/3/4,122.59
1999/3/5,122.94
1999/3/6,
1999/3/7,
1999/3/8,121.78
1999/3/9,121.76
1999/3/10,120.54
1999/3/11,119.74
1999/3/12,120.04
1999/3/13,
1999/3/14,
1999/3/15,118.42
1999/3/16,117.85
1999/3/17,118.64
1999/3/18,118.53
1999/3/19,117.52
1999/3/20,
1999/3/21,
1999/3/22,
1999/3/23,118.53
1999/3/24,117.72
1999/3/25,117.86
1999/3/26,118.77
1999/3/27,
1999/3/28,
1999/3/29,120.04
1999/3/30,120
1999/3/31,119.99
1999/4/1,118.52
1999/4/2,120.66
1999/4/3,
1999/4/4,
1999/4/5,121.37
1999/4/6,121.07
1999/4/7,120.78
1999/4/8,120.77
1999/4/9,120.97
1999/4/10,
1999/4/11,
1999/4/12,120.37
1999/4/13,120.36
1999/4/14,119.19
1999/4/15,118.8
1999/4/16,118.23
1999/4/17,
1999/4/18,
1999/4/19,118.16
1999/4/20,118.05
1999/4/21,118.99
1999/4/22,119.96
1999/4/23,119.58
1999/4/24,
1999/4/25,
1999/4/26,118.86
1999/4/27,119.46
1999/4/28,119.09
1999/4/29,
1999/4/30,119.59
1999/5/1,
1999/5/2,
1999/5/3,
1999/5/4,
1999/5/5,
1999/5/6,120.48
1999/5/7,120.54
1999/5/8,
1999/5/9,
1999/5/10,120.87
1999/5/11,120.88
1999/5/12,120.87
1999/5/13,121.58
1999/5/14,122.18
1999/5/15,
1999/5/16,
1999/5/17,123.14
1999/5/18,122.87
1999/5/19,123.7
1999/5/20,124.48
1999/5/21,123.77
1999/5/22,
1999/5/23,
1999/5/24,124.05
1999/5/25,122.73
1999/5/26,122.11
1999/5/27,122.43
1999/5/28,120.53
1999/5/29,
1999/5/30,
1999/5/31,121.37
1999/6/1,121.11
1999/6/2,120.55
1999/6/3,121.54
1999/6/4,121.62
1999/6/5,
1999/6/6,
1999/6/7,120.85
1999/6/8,121.32
1999/6/9,119.39
1999/6/10,119.13
1999/6/11,118.67
1999/6/12,
1999/6/13,
1999/6/14,120.67
1999/6/15,120.34
1999/6/16,120.24
1999/6/17,120.05
1999/6/18,119.32
1999/6/19,
1999/6/20,
1999/6/21,122.34
1999/6/22,121.91
1999/6/23,121.98
1999/6/24,121.91
1999/6/25,121.52
1999/6/26,
1999/6/27,
1999/6/28,121.28
1999/6/29,121.26
1999/6/30,120.87
1999/7/1,120.76
1999/7/2,121.09
1999/7/3,
1999/7/4,
1999/7/5,122.59
1999/7/6,122.08
1999/7/7,121.97
1999/7/8,122.39
1999/7/9,122.67
1999/7/10,
1999/7/11,
1999/7/12,122.14
1999/7/13,122.15
1999/7/14,121.12
1999/7/15,120.92
1999/7/16,120.93
1999/7/17,
1999/7/18,
1999/7/19,120.42
1999/7/20,
1999/7/21,119
1999/7/22,118.44
1999/7/23,116.74
1999/7/24,
1999/7/25,
1999/7/26,116.45
1999/7/27,116.59
1999/7/28,115.52
1999/7/29,115.68
1999/7/30,115.27
1999/7/31,
1999/8/1,
1999/8/2,114.04
1999/8/3,115.4
1999/8/4,115.11
1999/8/5,114.63
1999/8/6,114.29
1999/8/7,
1999/8/8,
1999/8/9,115.16
1999/8/10,114.88
1999/8/11,114.7
1999/8/12,115.68
1999/8/13,114.92
1999/8/14,
1999/8/15,
1999/8/16,114.85
1999/8/17,114.6
1999/8/18,113.08
1999/8/19,111.63
1999/8/20,111.48
1999/8/21,
1999/8/22,
1999/8/23,110.75
1999/8/24,112.23
1999/8/25,111.33
1999/8/26,111.06
1999/8/27,111.44
1999/8/28,
1999/8/29,
1999/8/30,111.05
1999/8/31,110.19
1999/9/1,109.23
1999/9/2,109.42
1999/9/3,109.75
1999/9/4,
1999/9/5,
1999/9/6,109.62
1999/9/7,110.81
1999/9/8,111.22
1999/9/9,108.84
1999/9/10,108.92
1999/9/11,
1999/9/12,
1999/9/13,107.79
1999/9/14,106.57
1999/9/15,
1999/9/16,104.99
1999/9/17,106.52
1999/9/18,
1999/9/19,
1999/9/20,107.92
1999/9/21,105.43
1999/9/22,104.29
1999/9/23,
1999/9/24,104.43
1999/9/25,
1999/9/26,
1999/9/27,104.14
1999/9/28,106.52
1999/9/29,106.91
1999/9/30,105.66
1999/10/1,105.94
1999/10/2,
1999/10/3,
1999/10/4,106.11
1999/10/5,106.6
1999/10/6,107.36
1999/10/7,107.92
1999/10/8,107.47
1999/10/9,
1999/10/10,
1999/10/11,
1999/10/12,106.29
1999/10/13,106.59
1999/10/14,107.27
1999/10/15,105.78
1999/10/16,
1999/10/17,
1999/10/18,105.03
1999/10/19,105.37
1999/10/20,106.36
1999/10/21,106.13
1999/10/22,105.45
1999/10/23,
1999/10/24,
1999/10/25,105.97
1999/10/26,105.14
1999/10/27,104.33
1999/10/28,104.07
1999/10/29,104.89
1999/10/30,
1999/10/31,
1999/11/1,104.21
1999/11/2,104.78
1999/11/3,
1999/11/4,104.73
1999/11/5,105.03
1999/11/6,
1999/11/7,
1999/11/8,106.07
1999/11/9,105.18
1999/11/10,104.77
1999/11/11,105.07
1999/11/12,104.73
1999/11/13,
1999/11/14,
1999/11/15,104.87
1999/11/16,105.03
1999/11/17,106.15
1999/11/18,105.57
1999/11/19,105.87
1999/11/20,
1999/11/21,
1999/11/22,105.97
1999/11/23,
1999/11/24,104.36
1999/11/25,104.47
1999/11/26,104.19
1999/11/27,
1999/11/28,
1999/11/29,103.21
1999/11/30,102.42
1999/12/1,102.13
1999/12/2,102.62
1999/12/3,102.38
1999/12/4,
1999/12/5,
1999/12/6,102.16
1999/12/7,102.85
1999/12/8,102.8
1999/12/9,103.07
1999/12/10,102.47
1999/12/11,
1999/12/12,
1999/12/13,102.5
1999/12/14,103.04
1999/12/15,103.63
1999/12/16,102.79
1999/12/17,102.99
1999/12/18,
1999/12/19,
1999/12/20,102.91
1999/12/21,102.52
1999/12/22,102.08
1999/12/23,
1999/12/24,102.6
1999/12/25,
1999/12/26,
1999/12/27,102.57
1999/12/28,102.32
1999/12/29,102.3
1999/12/30,102.08
1999/12/31,
2000/1/1,
2000/1/2,
2000/1/3,
2000/1/4,102.99
2000/1/5,103.19
2000/1/6,104.38
2000/1/7,105.32
2000/1/8,
2000/1/9,
2000/1/10,
2000/1/11,105.59
2000/1/12,105.77
2000/1/13,105.67
2000/1/14,105.74
2000/1/15,
2000/1/16,
2000/1/17,105.19
2000/1/18,105.18
2000/1/19,105.53
2000/1/20,105.35
2000/1/21,104.79
2000/1/22,
2000/1/23,
2000/1/24,104.92
2000/1/25,105.84
2000/1/26,106.06
2000/1/27,105.65
2000/1/28,104.87
2000/1/29,
2000/1/30,
2000/1/31,106.9
2000/2/1,107.37
2000/2/2,108.5
2000/2/3,107.94
2000/2/4,107.44
2000/2/5,
2000/2/6,
2000/2/7,107.82
2000/2/8,109.35
2000/2/9,108.79
2000/2/10,108.52
2000/2/11,
2000/2/12,
2000/2/13,
2000/2/14,108.32
2000/2/15,109.16
2000/2/16,109.02
2000/2/17,110.14
2000/2/18,110.75
2000/2/19,
2000/2/20,
2000/2/21,110.59
2000/2/22,111.2
2000/2/23,110.58
2000/2/24,111.07
2000/2/25,110.85
2000/2/26,
2000/2/27,
2000/2/28,109.2
2000/2/29,110.27
2000/3/1,109.12
2000/3/2,107.35
2000/3/3,107.66
2000/3/4,
2000/3/5,
2000/3/6,107.59
2000/3/7,107.47
2000/3/8,107.08
2000/3/9,106.67
2000/3/10,106.29
2000/3/11,
2000/3/12,
2000/3/13,105.75
2000/3/14,105.14
2000/3/15,106.06
2000/3/16,105.48
2000/3/17,105.95
2000/3/18,
2000/3/19,
2000/3/20,
2000/3/21,106.49
2000/3/22,106.65
2000/3/23,107.38
2000/3/24,107.34
2000/3/25,
2000/3/26,
2000/3/27,106.9
2000/3/28,106.44
2000/3/29,106.03
2000/3/30,105.55
2000/3/31,105.29
2000/4/1,
2000/4/2,
2000/4/3,104.87
2000/4/4,105.06
2000/4/5,105.1
2000/4/6,104.82
2000/4/7,104.99
2000/4/8,
2000/4/9,
2000/4/10,106.07
2000/4/11,106.96
2000/4/12,105.49
2000/4/13,105.77
2000/4/14,105.87
2000/4/15,
2000/4/16,
2000/4/17,103.37
2000/4/18,104.37
2000/4/19,104.48
2000/4/20,104.79
2000/4/21,105.68
2000/4/22,
2000/4/23,
2000/4/24,105.68
2000/4/25,105.36
2000/4/26,105.89
2000/4/27,106.03
2000/4/28,106.44
2000/4/29,
2000/4/30,
2000/5/1,107.99
2000/5/2,108.49
2000/5/3,
2000/5/4,
2000/5/5,
2000/5/6,
2000/5/7,
2000/5/8,108.82
2000/5/9,108.89
2000/5/10,109.37
2000/5/11,109.7
2000/5/12,108.31
2000/5/13,
2000/5/14,
2000/5/15,108.9
2000/5/16,108.94
2000/5/17,109.26
2000/5/18,109.14
2000/5/19,107.87
2000/5/20,
2000/5/21,
2000/5/22,107.02
2000/5/23,106.83
2000/5/24,106.68
2000/5/25,107.88
2000/5/26,107.34
2000/5/27,
2000/5/28,
2000/5/29,106.98
2000/5/30,106.87
2000/5/31,107.3
2000/6/1,108.72
2000/6/2,108.78
2000/6/3,
2000/6/4,
2000/6/5,107.84
2000/6/6,107.09
2000/6/7,105.24
2000/6/8,105.77
2000/6/9,106.47
2000/6/10,
2000/6/11,
2000/6/12,106.87
2000/6/13,106.42
2000/6/14,106.57
2000/6/15,106.64
2000/6/16,106.28
2000/6/17,
2000/6/18,
2000/6/19,105.76
2000/6/20,105.47
2000/6/21,105.34
2000/6/22,105.26
2000/6/23,104.49
2000/6/24,
2000/6/25,
2000/6/26,104.49
2000/6/27,105.68
2000/6/28,105.48
2000/6/29,104.87
2000/6/30,105.4
2000/7/1,
2000/7/2,
2000/7/3,106.34
2000/7/4,106.33
2000/7/5,106.3
2000/7/6,106.92
2000/7/7,107.64
2000/7/8,
2000/7/9,
2000/7/10,106.79
2000/7/11,106.93
2000/7/12,107.44
2000/7/13,108.22
2000/7/14,107.92
2000/7/15,
2000/7/16,
2000/7/17,108.17
2000/7/18,107.95
2000/7/19,108.02
2000/7/20,
2000/7/21,108.52
2000/7/22,
2000/7/23,
2000/7/24,108.83
2000/7/25,109.07
2000/7/26,109.29
2000/7/27,108.88
2000/7/28,108.92
2000/7/29,
2000/7/30,
2000/7/31,109.52
2000/8/1,109.55
2000/8/2,108.74
2000/8/3,108.72
2000/8/4,108.4
2000/8/5,
2000/8/6,
2000/8/7,108.72
2000/8/8,108.63
2000/8/9,108.25
2000/8/10,107.68
2000/8/11,108.82
2000/8/12,
2000/8/13,
2000/8/14,108.75
2000/8/15,109.54
2000/8/16,108.8
2000/8/17,108.41
2000/8/18,108.86
2000/8/19,
2000/8/20,
2000/8/21,107.94
2000/8/22,108.31
2000/8/23,107.04
2000/8/24,107.08
2000/8/25,107.03
2000/8/26,
2000/8/27,
2000/8/28,106.15
2000/8/29,106.59
2000/8/30,106.07
2000/8/31,106.43
2000/9/1,106.52
2000/9/2,
2000/9/3,
2000/9/4,105.88
2000/9/5,106.32
2000/9/6,105.73
2000/9/7,106.13
2000/9/8,105.37
2000/9/9,
2000/9/10,
2000/9/11,106.21
2000/9/12,106.24
2000/9/13,107.12
2000/9/14,107.07
2000/9/15,
2000/9/16,
2000/9/17,
2000/9/18,106.99
2000/9/19,106.94
2000/9/20,106.74
2000/9/21,106.7
2000/9/22,106.98
2000/9/23,
2000/9/24,
2000/9/25,107.8
2000/9/26,107.34
2000/9/27,107.75
2000/9/28,107.52
2000/9/29,107.75
2000/9/30,
2000/10/1,
2000/10/2,108.35
2000/10/3,108.88
2000/10/4,108.75
2000/10/5,109.16
2000/10/6,108.79
2000/10/7,
2000/10/8,
2000/10/9,
2000/10/10,108.32
2000/10/11,107.89
2000/10/12,107.63
2000/10/13,107.74
2000/10/14,
2000/10/15,
2000/10/16,107.9
2000/10/17,108.2
2000/10/18,108.04
2000/10/19,107.84
2000/10/20,108.57
2000/10/21,
2000/10/22,
2000/10/23,108.93
2000/10/24,108.14
2000/10/25,108.04
2000/10/26,108.12
2000/10/27,108.42
2000/10/28,
2000/10/29,
2000/10/30,108.64
2000/10/31,108.81
2000/11/1,108.57
2000/11/2,108.19
2000/11/3,
2000/11/4,
2000/11/5,
2000/11/6,107.27
2000/11/7,107.3
2000/11/8,107.32
2000/11/9,107.32
2000/11/10,107.67
2000/11/11,
2000/11/12,
2000/11/13,107.84
2000/11/14,107.74
2000/11/15,108.07
2000/11/16,108.75
2000/11/17,108.79
2000/11/18,
2000/11/19,
2000/11/20,109.14
2000/11/21,109.89
2000/11/22,110.02
2000/11/23,
2000/11/24,110.82
2000/11/25,
2000/11/26,
2000/11/27,111.03
2000/11/28,110.46
2000/11/29,110.19
2000/11/30,111.07
2000/12/1,110.69
2000/12/2,
2000/12/3,
2000/12/4,111.04
2000/12/5,110.83
2000/12/6,110.75
2000/12/7,110.39
2000/12/8,110.63
2000/12/9,
2000/12/10,
2000/12/11,110.95
2000/12/12,111.22
2000/12/13,112.57
2000/12/14,112.43
2000/12/15,112.39
2000/12/16,
2000/12/17,
2000/12/18,112.54
2000/12/19,112.07
2000/12/20,112.87
2000/12/21,112.78
2000/12/22,112.6
2000/12/23,
2000/12/24,
2000/12/25,112.91
2000/12/26,113.31
2000/12/27,114.07
2000/12/28,114.49
2000/12/29,114.9
2000/12/30,
2000/12/31,
2001/1/1,
2001/1/2,
2001/1/3,
2001/1/4,114.17
2001/1/5,116.31
2001/1/6,
2001/1/7,
2001/1/8,
2001/1/9,115.97
2001/1/10,116.53
2001/1/11,116.71
2001/1/12,118.16
2001/1/13,
2001/1/14,
2001/1/15,118.99
2001/1/16,118.16
2001/1/17,117.32
2001/1/18,119.13
2001/1/19,117.91
2001/1/20,
2001/1/21,
2001/1/22,116.85
2001/1/23,117.09
2001/1/24,117.14
2001/1/25,117.97
2001/1/26,116.73
2001/1/27,
2001/1/28,
2001/1/29,116.89
2001/1/30,116.55
2001/1/31,116.38
2001/2/1,116.27
2001/2/2,115.18
2001/2/3,
2001/2/4,
2001/2/5,115.79
2001/2/6,114.88
2001/2/7,115.25
2001/2/8,116.34
2001/2/9,116.58
2001/2/10,
2001/2/11,
2001/2/12,
2001/2/13,117.23
2001/2/14,116.68
2001/2/15,116.34
2001/2/16,115.56
2001/2/17,
2001/2/18,
2001/2/19,115.96
2001/2/20,115.65
2001/2/21,116.43
2001/2/22,116.16
2001/2/23,116.84
2001/2/24,
2001/2/25,
2001/2/26,116.11
2001/2/27,116.12
2001/2/28,116.44
2001/3/1,117.38
2001/3/2,118.33
2001/3/3,
2001/3/4,
2001/3/5,119.02
2001/3/6,118.67
2001/3/7,119.25
2001/3/8,119.97
2001/3/9,119.77
2001/3/10,
2001/3/11,
2001/3/12,120.52
2001/3/13,120.05
2001/3/14,119.89
2001/3/15,120.63
2001/3/16,122.56
2001/3/17,
2001/3/18,
2001/3/19,123.37
2001/3/20,
2001/3/21,122.95
2001/3/22,123.78
2001/3/23,122.82
2001/3/24,
2001/3/25,
2001/3/26,123.08
2001/3/27,122.51
2001/3/28,122.14
2001/3/29,123.4
2001/3/30,125.27
2001/3/31,
2001/4/1,
2001/4/2,126.41
2001/4/3,125.66
2001/4/4,126.03
2001/4/5,124.19
2001/4/6,124.78
2001/4/7,
2001/4/8,
2001/4/9,124.77
2001/4/10,124.42
2001/4/11,124.12
2001/4/12,123.27
2001/4/13,124.25
2001/4/14,
2001/4/15,
2001/4/16,124.62
2001/4/17,123.56
2001/4/18,122.88
2001/4/19,122.15
2001/4/20,121.94
2001/4/21,
2001/4/22,
2001/4/23,122.31
2001/4/24,121.25
2001/4/25,122.39
2001/4/26,122.44
2001/4/27,124.06
2001/4/28,
2001/4/29,
2001/4/30,
2001/5/1,122.96
2001/5/2,121.88
2001/5/3,
2001/5/4,
2001/5/5,
2001/5/6,
2001/5/7,121.27
2001/5/8,121.62
2001/5/9,121.61
2001/5/10,122.22
2001/5/11,122.62
2001/5/12,
2001/5/13,
2001/5/14,122.72
2001/5/15,123.27
2001/5/16,123.75
2001/5/17,123
2001/5/18,123.27
2001/5/19,
2001/5/20,
2001/5/21,123.27
2001/5/22,122.88
2001/5/23,121.15
2001/5/24,119.79
2001/5/25,120.39
2001/5/26,
2001/5/27,
2001/5/28,121.11
2001/5/29,120.41
2001/5/30,120.22
2001/5/31,119.06
2001/6/1,118.79
2001/6/2,
2001/6/3,
2001/6/4,119.34
2001/6/5,119.5
2001/6/6,120.52
2001/6/7,120.17
2001/6/8,120.46
2001/6/9,
2001/6/10,
2001/6/11,121.46
2001/6/12,121.87
2001/6/13,122.22
2001/6/14,121.95
2001/6/15,121.4
2001/6/16,
2001/6/17,
2001/6/18,123.42
2001/6/19,123.24
2001/6/20,122.76
2001/6/21,123.93
2001/6/22,124.34
2001/6/23,
2001/6/24,
2001/6/25,124.02
2001/6/26,123.47
2001/6/27,124.34
2001/6/28,124.54
2001/6/29,124.27
2001/6/30,
2001/7/1,
2001/7/2,124.64
2001/7/3,123.88
2001/7/4,124.79
2001/7/5,125.42
2001/7/6,125.74
2001/7/7,
2001/7/8,
2001/7/9,125.54
2001/7/10,125.63
2001/7/11,125.09
2001/7/12,124.21
2001/7/13,124.09
2001/7/14,
2001/7/15,
2001/7/16,124.88
2001/7/17,125.45
2001/7/18,125.29
2001/7/19,123.64
2001/7/20,
2001/7/21,
2001/7/22,
2001/7/23,123.64
2001/7/24,124.3
2001/7/25,124.3
2001/7/26,123.25
2001/7/27,123.92
2001/7/28,
2001/7/29,
2001/7/30,124.66
2001/7/31,124.79
2001/8/1,124.75
2001/8/2,124.27
2001/8/3,123.85
2001/8/4,
2001/8/5,
2001/8/6,124.08
2001/8/7,123.94
2001/8/8,123.49
2001/8/9,123.44
2001/8/10,121.94
2001/8/11,
2001/8/12,
2001/8/13,121.86
2001/8/14,122.62
2001/8/15,121.01
2001/8/16,119.35
2001/8/17,120.54
2001/8/18,
2001/8/19,
2001/8/20,120.26
2001/8/21,120.44
2001/8/22,119.8
2001/8/23,120.36
2001/8/24,119.89
2001/8/25,
2001/8/26,
2001/8/27,120.18
2001/8/28,120.44
2001/8/29,119.99
2001/8/30,119.74
2001/8/31,118.92
2001/9/1,
2001/9/2,
2001/9/3,118.83
2001/9/4,119.37
2001/9/5,119.75
2001/9/6,121.21
2001/9/7,121.21
2001/9/8,
2001/9/9,
2001/9/10,120.08
2001/9/11,121.72
2001/9/12,119.38
2001/9/13,119.13
2001/9/14,118.95
2001/9/15,
2001/9/16,
2001/9/17,117.79
2001/9/18,117.82
2001/9/19,117.64
2001/9/20,117.25
2001/9/21,116.78
2001/9/22,
2001/9/23,
2001/9/24,
2001/9/25,117.21
2001/9/26,117.31
2001/9/27,118.65
2001/9/28,119.29
2001/9/29,
2001/9/30,
2001/10/1,119.65
2001/10/2,120.82
2001/10/3,120.86
2001/10/4,120.36
2001/10/5,120.52
2001/10/6,
2001/10/7,
2001/10/8,
2001/10/9,120.12
2001/10/10,120.48
2001/10/11,120.4
2001/10/12,121.34
2001/10/13,
2001/10/14,
2001/10/15,120.98
2001/10/16,121.19
2001/10/17,121.62
2001/10/18,120.94
2001/10/19,121.19
2001/10/20,
2001/10/21,
2001/10/22,121.59
2001/10/23,122.63
2001/10/24,122.52
2001/10/25,123.1
2001/10/26,122.61
2001/10/27,
2001/10/28,
2001/10/29,122.43
2001/10/30,121.81
2001/10/31,121.84
2001/11/1,122.29
2001/11/2,121.51
2001/11/3,
2001/11/4,
2001/11/5,121.74
2001/11/6,121.55
2001/11/7,121.1
2001/11/8,120.73
2001/11/9,120.24
2001/11/10,
2001/11/11,
2001/11/12,120.58
2001/11/13,121.18
2001/11/14,121.71
2001/11/15,122.17
2001/11/16,122.23
2001/11/17,
2001/11/18,
2001/11/19,123.15
2001/11/20,123.06
2001/11/21,123.33
2001/11/22,123.22
2001/11/23,
2001/11/24,
2001/11/25,
2001/11/26,124.07
2001/11/27,124.33
2001/11/28,123.58
2001/11/29,123.15
2001/11/30,123.98
2001/12/1,
2001/12/2,
2001/12/3,123.65
2001/12/4,124.09
2001/12/5,124.12
2001/12/6,124.67
2001/12/7,124.92
2001/12/8,
2001/12/9,
2001/12/10,125.83
2001/12/11,125.96
2001/12/12,125.63
2001/12/13,126.36
2001/12/14,127.43
2001/12/15,
2001/12/16,
2001/12/17,127.88
2001/12/18,128.27
2001/12/19,128.14
2001/12/20,128.17
2001/12/21,129.39
2001/12/22,
2001/12/23,
2001/12/24,
2001/12/25,130.76
2001/12/26,130.72
2001/12/27,131.69
2001/12/28,131.47
2001/12/29,
2001/12/30,
2001/12/31,
2002/1/1,
2002/1/2,
2002/1/3,
2002/1/4,131.19
2002/1/5,
2002/1/6,
2002/1/7,130.75
2002/1/8,132.64
2002/1/9,132.52
2002/1/10,132.29
2002/1/11,132.37
2002/1/12,
2002/1/13,
2002/1/14,
2002/1/15,131.19
2002/1/16,131.44
2002/1/17,131.89
2002/1/18,132.82
2002/1/19,
2002/1/20,
2002/1/21,132.38
2002/1/22,133.62
2002/1/23,133.88
2002/1/24,134.42
2002/1/25,134.69
2002/1/26,
2002/1/27,
2002/1/28,133.7
2002/1/29,133.05
2002/1/30,132.77
2002/1/31,132.94
2002/2/1,133.94
2002/2/2,
2002/2/3,
2002/2/4,133.39
2002/2/5,132.54
2002/2/6,133.92
2002/2/7,134.09
2002/2/8,133.64
2002/2/9,
2002/2/10,
2002/2/11,
2002/2/12,133.62
2002/2/13,133.18
2002/2/14,132.46
2002/2/15,132.74
2002/2/16,
2002/2/17,
2002/2/18,132.66
2002/2/19,133.53
2002/2/20,133.11
2002/2/21,133.77
2002/2/22,134.3
2002/2/23,
2002/2/24,
2002/2/25,133.85
2002/2/26,134.05
2002/2/27,134.46
2002/2/28,133.89
2002/3/1,133.61
2002/3/2,
2002/3/3,
2002/3/4,132.8
2002/3/5,132.38
2002/3/6,131.87
2002/3/7,129.22
2002/3/8,127.82
2002/3/9,
2002/3/10,
2002/3/11,129.03
2002/3/12,128.56
2002/3/13,129.29
2002/3/14,128.88
2002/3/15,129.06
2002/3/16,
2002/3/17,
2002/3/18,130.44
2002/3/19,131.45
2002/3/20,132.21
2002/3/21,
2002/3/22,132.32
2002/3/23,
2002/3/24,
2002/3/25,133
2002/3/26,132.84
2002/3/27,132.82
2002/3/28,132.63
2002/3/29,132.71
2002/3/30,
2002/3/31,
2002/4/1,133.18
2002/4/2,133.28
2002/4/3,132.86
2002/4/4,132.43
2002/4/5,132.02
2002/4/6,
2002/4/7,
2002/4/8,131.3
2002/4/9,131.61
2002/4/10,130.42
2002/4/11,131.46
2002/4/12,131.99
2002/4/13,
2002/4/14,
2002/4/15,131.62
2002/4/16,131.61
2002/4/17,131.05
2002/4/18,130.41
2002/4/19,130.17
2002/4/20,
2002/4/21,
2002/4/22,130.15
2002/4/23,129.95
2002/4/24,130.15
2002/4/25,129.06
2002/4/26,128.54
2002/4/27,
2002/4/28,
2002/4/29,
2002/4/30,127.97
2002/5/1,128.47
2002/5/2,127.16
2002/5/3,
2002/5/4,
2002/5/5,
2002/5/6,
2002/5/7,127.39
2002/5/8,128.39
2002/5/9,128.88
2002/5/10,128.05
2002/5/11,
2002/5/12,
2002/5/13,127.42
2002/5/14,128.32
2002/5/15,128.05
2002/5/16,127.4
2002/5/17,127.34
2002/5/18,
2002/5/19,
2002/5/20,125.63
2002/5/21,125.64
2002/5/22,124.73
2002/5/23,124.27
2002/5/24,125.04
2002/5/25,
2002/5/26,
2002/5/27,124.82
2002/5/28,124.65
2002/5/29,124.56
2002/5/30,124.07
2002/5/31,123.96
2002/6/1,
2002/6/2,
2002/6/3,124.29
2002/6/4,123.41
2002/6/5,124.25
2002/6/6,124.87
2002/6/7,124.3
2002/6/8,
2002/6/9,
2002/6/10,124.76
2002/6/11,124.52
2002/6/12,125.48
2002/6/13,125.66
2002/6/14,124.88
2002/6/15,
2002/6/16,
2002/6/17,124.18
2002/6/18,124.54
2002/6/19,124.26
2002/6/20,123.81
2002/6/21,123.25
2002/6/22,
2002/6/23,
2002/6/24,121.45
2002/6/25,121.67
2002/6/26,120.32
2002/6/27,119.59
2002/6/28,119.22
2002/6/29,
2002/6/30,
2002/7/1,119.56
2002/7/2,120.35
2002/7/3,120.4
2002/7/4,120.23
2002/7/5,120.56
2002/7/6,
2002/7/7,
2002/7/8,118.86
2002/7/9,118.58
2002/7/10,117.84
2002/7/11,117.4
2002/7/12,116.72
2002/7/13,
2002/7/14,
2002/7/15,116.19
2002/7/16,116.34
2002/7/17,116.23
2002/7/18,116.99
2002/7/19,115.92
2002/7/20,
2002/7/21,
2002/7/22,116.39
2002/7/23,117.41
2002/7/24,117.41
2002/7/25,116.52
2002/7/26,117.37
2002/7/27,
2002/7/28,
2002/7/29,119.11
2002/7/30,119.74
2002/7/31,119.82
2002/8/1,119.82
2002/8/2,118.94
2002/8/3,
2002/8/4,
2002/8/5,119.19
2002/8/6,120.46
2002/8/7,120.77
2002/8/8,120.8
2002/8/9,120.82
2002/8/10,
2002/8/11,
2002/8/12,119.69
2002/8/13,119.24
2002/8/14,117.35
2002/8/15,116.91
2002/8/16,117.59
2002/8/17,
2002/8/18,
2002/8/19,118.21
2002/8/20,118.8
2002/8/21,118.04
2002/8/22,119.01
2002/8/23,119.88
2002/8/24,
2002/8/25,
2002/8/26,119.73
2002/8/27,119.06
2002/8/28,118.56
2002/8/29,117.72
2002/8/30,117.97
2002/8/31,
2002/9/1,
2002/9/2,118.45
2002/9/3,117.62
2002/9/4,117.62
2002/9/5,117.49
2002/9/6,118.29
2002/9/7,
2002/9/8,
2002/9/9,118.73
2002/9/10,119.12
2002/9/11,119.75
2002/9/12,120.04
2002/9/13,119.9
2002/9/14,
2002/9/15,
2002/9/16,
2002/9/17,122.91
2002/9/18,121.94
2002/9/19,121.68
2002/9/20,122.84
2002/9/21,
2002/9/22,
2002/9/23,
2002/9/24,123.44
2002/9/25,122.39
2002/9/26,122.91
2002/9/27,122.49
2002/9/28,
2002/9/29,
2002/9/30,121.79
2002/10/1,121.88
2002/10/2,123.03
2002/10/3,122.84
2002/10/4,122.82
2002/10/5,
2002/10/6,
2002/10/7,123.98
2002/10/8,124.26
2002/10/9,124.16
2002/10/10,123.53
2002/10/11,124.04
2002/10/12,
2002/10/13,
2002/10/14,
2002/10/15,124.49
2002/10/16,124.38
2002/10/17,124.29
2002/10/18,125.32
2002/10/19,
2002/10/20,
2002/10/21,124.89
2002/10/22,125.22
2002/10/23,124.28
2002/10/24,124.46
2002/10/25,123.87
2002/10/26,
2002/10/27,
2002/10/28,124.8
2002/10/29,123.57
2002/10/30,122.69
2002/10/31,122.48
2002/11/1,122.68
2002/11/2,
2002/11/3,
2002/11/4,
2002/11/5,121.87
2002/11/6,122.45
2002/11/7,121.79
2002/11/8,120.82
2002/11/9,
2002/11/10,
2002/11/11,119.91
2002/11/12,119.64
2002/11/13,119.69
2002/11/14,120.52
2002/11/15,120.67
2002/11/16,
2002/11/17,
2002/11/18,121.19
2002/11/19,120.99
2002/11/20,122.47
2002/11/21,122.07
2002/11/22,122.72
2002/11/23,
2002/11/24,
2002/11/25,122.72
2002/11/26,122.03
2002/11/27,121.84
2002/11/28,122.22
2002/11/29,122.44
2002/11/30,
2002/12/1,
2002/12/2,123.44
2002/12/3,124.67
2002/12/4,124.75
2002/12/5,125.2
2002/12/6,125.09
2002/12/7,
2002/12/8,
2002/12/9,122.59
2002/12/10,123.52
2002/12/11,123.27
2002/12/12,123.28
2002/12/13,122.54
2002/12/14,
2002/12/15,
2002/12/16,120.6
2002/12/17,120.74
2002/12/18,121.25
2002/12/19,121.18
2002/12/20,120.88
2002/12/21,
2002/12/22,
2002/12/23,
2002/12/24,120.44
2002/12/25,120.43
2002/12/26,120.12
2002/12/27,119.99
2002/12/28,
2002/12/29,
2002/12/30,119.37
2002/12/31,
2003/1/1,
2003/1/2,
2003/1/3,
2003/1/4,
2003/1/5,
2003/1/6,119.26
2003/1/7,119.56
2003/1/8,120.14
2003/1/9,118.84
2003/1/10,119.72
2003/1/11,
2003/1/12,
2003/1/13,
2003/1/14,118.9
2003/1/15,118.08
2003/1/16,118.04
2003/1/17,117.99
2003/1/18,
2003/1/19,
2003/1/20,118.15
2003/1/21,119.02
2003/1/22,118.17
2003/1/23,118.22
2003/1/24,117.85
2003/1/25,
2003/1/26,
2003/1/27,117.83
2003/1/28,118.84
2003/1/29,118.14
2003/1/30,118.77
2003/1/31,119.21
2003/2/1,
2003/2/2,
2003/2/3,120.49
2003/2/4,120.15
2003/2/5,119.32
2003/2/6,119.82
2003/2/7,120.16
2003/2/8,
2003/2/9,
2003/2/10,120.33
2003/2/11,
2003/2/12,120.81
2003/2/13,120.77
2003/2/14,120.41
2003/2/15,
2003/2/16,
2003/2/17,120.43
2003/2/18,119.37
2003/2/19,119.03
2003/2/20,118.92
2003/2/21,118.34
2003/2/22,
2003/2/23,
2003/2/24,118.58
2003/2/25,117.39
2003/2/26,117.46
2003/2/27,117.02
2003/2/28,117.75
2003/3/1,
2003/3/2,
2003/3/3,118.08
2003/3/4,117.54
2003/3/5,117.22
2003/3/6,117.4
2003/3/7,117.19
2003/3/8,
2003/3/9,
2003/3/10,116.69
2003/3/11,117.07
2003/3/12,117.35
2003/3/13,118.02
2003/3/14,118.28
2003/3/15,
2003/3/16,
2003/3/17,117.75
2003/3/18,118.58
2003/3/19,118.76
2003/3/20,119.89
2003/3/21,
2003/3/22,
2003/3/23,
2003/3/24,120.81
2003/3/25,119.68
2003/3/26,120.2
2003/3/27,119.99
2003/3/28,120.21
2003/3/29,
2003/3/30,
2003/3/31,119.02
2003/4/1,118.05
2003/4/2,118.83
2003/4/3,118.89
2003/4/4,119.95
2003/4/5,
2003/4/6,
2003/4/7,120.76
2003/4/8,119.69
2003/4/9,119.77
2003/4/10,119.81
2003/4/11,119.78
2003/4/12,
2003/4/13,
2003/4/14,120.64
2003/4/15,120.46
2003/4/16,120.23
2003/4/17,119.12
2003/4/18,119.72
2003/4/19,
2003/4/20,
2003/4/21,120.1
2003/4/22,120.21
2003/4/23,120.06
2003/4/24,119.92
2003/4/25,120.56
2003/4/26,
2003/4/27,
2003/4/28,120.22
2003/4/29,
2003/4/30,119.46
2003/5/1,118.53
2003/5/2,118.88
2003/5/3,
2003/5/4,
2003/5/5,
2003/5/6,118.37
2003/5/7,117.66
2003/5/8,116.34
2003/5/9,117.32
2003/5/10,
2003/5/11,
2003/5/12,116.38
2003/5/13,117.15
2003/5/14,116.55
2003/5/15,115.95
2003/5/16,116.36
2003/5/17,
2003/5/18,
2003/5/19,115.21
2003/5/20,117.34
2003/5/21,116.68
2003/5/22,117.62
2003/5/23,117.27
2003/5/24,
2003/5/25,
2003/5/26,116.89
2003/5/27,116.84
2003/5/28,117.5
2003/5/29,119.06
2003/5/30,118.63
2003/5/31,
2003/6/1,
2003/6/2,118.69
2003/6/3,118.67
2003/6/4,118.68
2003/6/5,118.24
2003/6/6,117.99
2003/6/7,
2003/6/8,
2003/6/9,118.5
2003/6/10,118.2
2003/6/11,117.86
2003/6/12,117.61
2003/6/13,117.7
2003/6/14,
2003/6/15,
2003/6/16,117.55
2003/6/17,117.64
2003/6/18,118.31
2003/6/19,118.68
2003/6/20,118.34
2003/6/21,
2003/6/22,
2003/6/23,118.06
2003/6/24,117.75
2003/6/25,117.47
2003/6/26,118.23
2003/6/27,119.77
2003/6/28,
2003/6/29,
2003/6/30,119.82
2003/7/1,119.72
2003/7/2,119.22
2003/7/3,118.24
2003/7/4,118.15
2003/7/5,
2003/7/6,
2003/7/7,118.09
2003/7/8,118.23
2003/7/9,118.24
2003/7/10,117.8
2003/7/11,117.77
2003/7/12,
2003/7/13,
2003/7/14,117.57
2003/7/15,117.59
2003/7/16,118.32
2003/7/17,118.22
2003/7/18,118.97
2003/7/19,
2003/7/20,
2003/7/21,
2003/7/22,119.21
2003/7/23,118.86
2003/7/24,118.59
2003/7/25,118.95
2003/7/26,
2003/7/27,
2003/7/28,119.14
2003/7/29,119.27
2003/7/30,120
2003/7/31,120.11
2003/8/1,120.39
2003/8/2,
2003/8/3,
2003/8/4,119.8
2003/8/5,120.52
2003/8/6,119.94
2003/8/7,120.11
2003/8/8,118.92
2003/8/9,
2003/8/10,
2003/8/11,118.62
2003/8/12,118.64
2003/8/13,119.08
2003/8/14,119.33
2003/8/15,118.98
2003/8/16,
2003/8/17,
2003/8/18,119.32
2003/8/19,119.51
2003/8/20,118.32
2003/8/21,118.02
2003/8/22,117.84
2003/8/23,
2003/8/24,
2003/8/25,117.56
2003/8/26,117.78
2003/8/27,117.68
2003/8/28,117.56
2003/8/29,117.13
2003/8/30,
2003/8/31,
2003/9/1,116.69
2003/9/2,116.87
2003/9/3,116.06
2003/9/4,116.86
2003/9/5,116.87
2003/9/6,
2003/9/7,
2003/9/8,117.12
2003/9/9,116.37
2003/9/10,116.73
2003/9/11,117.17
2003/9/12,117.07
2003/9/13,
2003/9/14,
2003/9/15,
2003/9/16,116.57
2003/9/17,116.23
2003/9/18,115.81
2003/9/19,115.24
2003/9/20,
2003/9/21,
2003/9/22,112.31
2003/9/23,
2003/9/24,111.81
2003/9/25,112.19
2003/9/26,112.04
2003/9/27,
2003/9/28,
2003/9/29,111.39
2003/9/30,110.48
2003/10/1,111.24
2003/10/2,111.05
2003/10/3,110.43
2003/10/4,
2003/10/5,
2003/10/6,110.96
2003/10/7,110.65
2003/10/8,109.77
2003/10/9,109.07
2003/10/10,108.74
2003/10/11,
2003/10/12,
2003/10/13,
2003/10/14,109.74
2003/10/15,109.09
2003/10/16,110.13
2003/10/17,109.81
2003/10/18,
2003/10/19,
2003/10/20,109.41
2003/10/21,109.87
2003/10/22,109.55
2003/10/23,109.5
2003/10/24,109.55
2003/10/25,
2003/10/26,
2003/10/27,108.7
2003/10/28,108.29
2003/10/29,108.04
2003/10/30,108.09
2003/10/31,108.99
2003/11/1,
2003/11/2,
2003/11/3,
2003/11/4,110.36
2003/11/5,109.76
2003/11/6,109.9
2003/11/7,110.09
2003/11/8,
2003/11/9,
2003/11/10,109.39
2003/11/11,108.82
2003/11/12,108.68
2003/11/13,108.36
2003/11/14,108.16
2003/11/15,
2003/11/16,
2003/11/17,109.46
2003/11/18,108.98
2003/11/19,108.08
2003/11/20,108.94
2003/11/21,108.9
2003/11/22,
2003/11/23,
2003/11/24,
2003/11/25,109.47
2003/11/26,109.43
2003/11/27,109.1
2003/11/28,109.34
2003/11/29,
2003/11/30,
2003/12/1,109.21
2003/12/2,109.59
2003/12/3,108.64
2003/12/4,108.18
2003/12/5,108.34
2003/12/6,
2003/12/7,
2003/12/8,107.59
2003/12/9,107.19
2003/12/10,108.63
2003/12/11,108.27
2003/12/12,107.93
2003/12/13,
2003/12/14,
2003/12/15,107.95
2003/12/16,107.77
2003/12/17,107.52
2003/12/18,107.55
2003/12/19,107.62
2003/12/20,
2003/12/21,
2003/12/22,107.63
2003/12/23,
2003/12/24,107.33
2003/12/25,107.19
2003/12/26,107.09
2003/12/27,
2003/12/28,
2003/12/29,107.04
2003/12/30,106.97
2003/12/31,
2004/1/1,
2004/1/2,
2004/1/3,
2004/1/4,
2004/1/5,106.92
2004/1/6,106.36
2004/1/7,106.28
2004/1/8,106.17
2004/1/9,107.04
2004/1/10,
2004/1/11,
2004/1/12,
2004/1/13,106.54
2004/1/14,106.21
2004/1/15,106.22
2004/1/16,105.97
2004/1/17,
2004/1/18,
2004/1/19,106.89
2004/1/20,107.12
2004/1/21,107.03
2004/1/22,106.78
2004/1/23,106.05
2004/1/24,
2004/1/25,
2004/1/26,106.24
2004/1/27,106.19
2004/1/28,105.79
2004/1/29,105.82
2004/1/30,105.88
2004/1/31,
2004/2/1,
2004/2/2,105.62
2004/2/3,105.42
2004/2/4,105.43
2004/2/5,105.47
2004/2/6,106.05
2004/2/7,
2004/2/8,
2004/2/9,105.55
2004/2/10,105.41
2004/2/11,
2004/2/12,105.36
2004/2/13,105.39
2004/2/14,
2004/2/15,
2004/2/16,105.51
2004/2/17,105.64
2004/2/18,105.59
2004/2/19,106.73
2004/2/20,107.91
2004/2/21,
2004/2/22,
2004/2/23,108.21
2004/2/24,108.43
2004/2/25,108.27
2004/2/26,109.18
2004/2/27,109.08
2004/2/28,
2004/2/29,
2004/3/1,109.23
2004/3/2,109.38
2004/3/3,110.19
2004/3/4,110.16
2004/3/5,111.17
2004/3/6,
2004/3/7,
2004/3/8,112.19
2004/3/9,111.21
2004/3/10,111.39
2004/3/11,110.74
2004/3/12,111.36
2004/3/13,
2004/3/14,
2004/3/15,110.83
2004/3/16,109.62
2004/3/17,108.27
2004/3/18,107.08
2004/3/19,106.81
2004/3/20,
2004/3/21,
2004/3/22,106.97
2004/3/23,106.76
2004/3/24,106.73
2004/3/25,105.96
2004/3/26,105.69
2004/3/27,
2004/3/28,
2004/3/29,105.65
2004/3/30,105.77
2004/3/31,103.95
2004/4/1,104.13
2004/4/2,104.18
2004/4/3,
2004/4/4,
2004/4/5,104.79
2004/4/6,106
2004/4/7,105.58
2004/4/8,105.84
2004/4/9,106.42
2004/4/10,
2004/4/11,
2004/4/12,106.27
2004/4/13,105.65
2004/4/14,107.22
2004/4/15,108.54
2004/4/16,108.38
2004/4/17,
2004/4/18,
2004/4/19,107.9
2004/4/20,107.97
2004/4/21,108.86
2004/4/22,109.47
2004/4/23,109.28
2004/4/24,
2004/4/25,
2004/4/26,109.02
2004/4/27,108.42
2004/4/28,109.06
2004/4/29,
2004/4/30,110.44
2004/5/1,
2004/5/2,
2004/5/3,
2004/5/4,
2004/5/5,
2004/5/6,108.98
2004/5/7,110.6
2004/5/8,
2004/5/9,
2004/5/10,113.18
2004/5/11,113.32
2004/5/12,112.57
2004/5/13,113.85
2004/5/14,114.66
2004/5/15,
2004/5/16,
2004/5/17,113.44
2004/5/18,113.76
2004/5/19,112.83
2004/5/20,113.47
2004/5/21,111.97
2004/5/22,
2004/5/23,
2004/5/24,112.53
2004/5/25,112.76
2004/5/26,111.5
2004/5/27,111.41
2004/5/28,110.44
2004/5/29,
2004/5/30,
2004/5/31,109.56
2004/6/1,109.35
2004/6/2,110.64
2004/6/3,110.75
2004/6/4,111.06
2004/6/5,
2004/6/6,
2004/6/7,110.1
2004/6/8,109.67
2004/6/9,108.73
2004/6/10,110.15
2004/6/11,110.22
2004/6/12,
2004/6/13,
2004/6/14,110.89
2004/6/15,110.94
2004/6/16,109.65
2004/6/17,109.64
2004/6/18,109.53
2004/6/19,
2004/6/20,
2004/6/21,108.72
2004/6/22,108.49
2004/6/23,108.71
2004/6/24,107.97
2004/6/25,107.7
2004/6/26,
2004/6/27,
2004/6/28,107.77
2004/6/29,108.61
2004/6/30,108.69
2004/7/1,108.07
2004/7/2,109.02
2004/7/3,
2004/7/4,
2004/7/5,108.7
2004/7/6,109.4
2004/7/7,108.65
2004/7/8,108.89
2004/7/9,108.27
2004/7/10,
2004/7/11,
2004/7/12,107.73
2004/7/13,108.53
2004/7/14,109.26
2004/7/15,109.58
2004/7/16,109.62
2004/7/17,
2004/7/18,
2004/7/19,
2004/7/20,108.44
2004/7/21,108.61
2004/7/22,109.67
2004/7/23,109.89
2004/7/24,
2004/7/25,
2004/7/26,109.64
2004/7/27,109.69
2004/7/28,111.03
2004/7/29,111.68
2004/7/30,111.67
2004/7/31,
2004/8/1,
2004/8/2,110.96
2004/8/3,110.92
2004/8/4,111.32
2004/8/5,111.04
2004/8/6,111.62
2004/8/7,
2004/8/8,
2004/8/9,110.38
2004/8/10,110.63
2004/8/11,111.25
2004/8/12,110.63
2004/8/13,111.94
2004/8/14,
2004/8/15,
2004/8/16,110.92
2004/8/17,110.36
2004/8/18,109.93
2004/8/19,109.51
2004/8/20,109.12
2004/8/21,
2004/8/22,
2004/8/23,109.36
2004/8/24,109.81
2004/8/25,109.72
2004/8/26,110.11
2004/8/27,109.44
2004/8/28,
2004/8/29,
2004/8/30,110.14
2004/8/31,109.86
2004/9/1,109.43
2004/9/2,109.43
2004/9/3,109.63
2004/9/4,
2004/9/5,
2004/9/6,110.11
2004/9/7,109.74
2004/9/8,109.49
2004/9/9,109.59
2004/9/10,110.09
2004/9/11,
2004/9/12,
2004/9/13,109.62
2004/9/14,109.76
2004/9/15,109.46
2004/9/16,109.72
2004/9/17,109.75
2004/9/18,
2004/9/19,
2004/9/20,
2004/9/21,109.95
2004/9/22,110.03
2004/9/23,
2004/9/24,110.66
2004/9/25,
2004/9/26,
2004/9/27,110.85
2004/9/28,111.65
2004/9/29,111.13
2004/9/30,110.92
2004/10/1,110.39
2004/10/2,
2004/10/3,
2004/10/4,110.59
2004/10/5,110.87
2004/10/6,111.27
2004/10/7,111.22
2004/10/8,110.39
2004/10/9,
2004/10/10,
2004/10/11,
2004/10/12,109.84
2004/10/13,109.88
2004/10/14,109.56
2004/10/15,109.64
2004/10/16,
2004/10/17,
2004/10/18,109.29
2004/10/19,109.31
2004/10/20,108.31
2004/10/21,107.69
2004/10/22,107.59
2004/10/23,
2004/10/24,
2004/10/25,106.61
2004/10/26,106.89
2004/10/27,106.81
2004/10/28,106.06
2004/10/29,105.87
2004/10/30,
2004/10/31,
2004/11/1,106.39
2004/11/2,106.69
2004/11/3,
2004/11/4,106.34
2004/11/5,106.1
2004/11/6,
2004/11/7,
2004/11/8,105.43
2004/11/9,105.71
2004/11/10,105.99
2004/11/11,106.93
2004/11/12,106.1
2004/11/13,
2004/11/14,
2004/11/15,105.32
2004/11/16,105.47
2004/11/17,105.06
2004/11/18,103.76
2004/11/19,104.18
2004/11/20,
2004/11/21,
2004/11/22,103.19
2004/11/23,
2004/11/24,103.29
2004/11/25,102.54
2004/11/26,102.52
2004/11/27,
2004/11/28,
2004/11/29,103
2004/11/30,103.17
2004/12/1,102.78
2004/12/2,102.03
2004/12/3,103.52
2004/12/4,
2004/12/5,
2004/12/6,102.37
2004/12/7,102.76
2004/12/8,103.73
2004/12/9,104.01
2004/12/10,105.22
2004/12/11,
2004/12/12,
2004/12/13,104.88
2004/12/14,104.83
2004/12/15,105.09
2004/12/16,104.29
2004/12/17,104.49
2004/12/18,
2004/12/19,
2004/12/20,104.44
2004/12/21,104.09
2004/12/22,104.21
2004/12/23,
2004/12/24,103.75
2004/12/25,
2004/12/26,
2004/12/27,103.75
2004/12/28,103.07
2004/12/29,103.22
2004/12/30,103.78
2004/12/31,
2005/1/1,
2005/1/2,
2005/1/3,
2005/1/4,102.57
2005/1/5,104.74
2005/1/6,104.59
2005/1/7,104.59
2005/1/8,
2005/1/9,
2005/1/10,
2005/1/11,104.03
2005/1/12,103.24
2005/1/13,102.35
2005/1/14,102.99
2005/1/15,
2005/1/16,
2005/1/17,102.06
2005/1/18,102.61
2005/1/19,102.35
2005/1/20,102.72
2005/1/21,103.62
2005/1/22,
2005/1/23,
2005/1/24,102.79
2005/1/25,103.14
2005/1/26,103.64
2005/1/27,103.25
2005/1/28,103.2
2005/1/29,
2005/1/30,
2005/1/31,103.58
2005/2/1,103.96
2005/2/2,103.71
2005/2/3,104.14
2005/2/4,104.5
2005/2/5,
2005/2/6,
2005/2/7,104.3
2005/2/8,105.25
2005/2/9,105.39
2005/2/10,105.64
2005/2/11,
2005/2/12,
2005/2/13,
2005/2/14,104.98
2005/2/15,105.04
2005/2/16,104.99
2005/2/17,105.26
2005/2/18,105.26
2005/2/19,
2005/2/20,
2005/2/21,105.69
2005/2/22,104.54
2005/2/23,104.72
2005/2/24,104.68
2005/2/25,105.26
2005/2/26,
2005/2/27,
2005/2/28,104.58
2005/3/1,104.64
2005/3/2,104.61
2005/3/3,105.13
2005/3/4,105.43
2005/3/5,
2005/3/6,
2005/3/7,104.89
2005/3/8,105.01
2005/3/9,104.62
2005/3/10,103.88
2005/3/11,104.11
2005/3/12,
2005/3/13,
2005/3/14,104.6
2005/3/15,104.98
2005/3/16,104.29
2005/3/17,104.17
2005/3/18,104.83
2005/3/19,
2005/3/20,
2005/3/21,
2005/3/22,104.93
2005/3/23,105.43
2005/3/24,106.41
2005/3/25,106.38
2005/3/26,
2005/3/27,
2005/3/28,106.95
2005/3/29,107.17
2005/3/30,107.27
2005/3/31,106.97
2005/4/1,107.27
2005/4/2,
2005/4/3,
2005/4/4,107.9
2005/4/5,108.85
2005/4/6,108.07
2005/4/7,108.25
2005/4/8,108.65
2005/4/9,
2005/4/10,
2005/4/11,108.11
2005/4/12,107.77
2005/4/13,107.27
2005/4/14,107.73
2005/4/15,108.31
2005/4/16,
2005/4/17,
2005/4/18,107.66
2005/4/19,107.08
2005/4/20,106.92
2005/4/21,106.97
2005/4/22,106.52
2005/4/23,
2005/4/24,
2005/4/25,105.64
2005/4/26,105.9
2005/4/27,106.19
2005/4/28,105.87
2005/4/29,
2005/4/30,
2005/5/1,
2005/5/2,105.38
2005/5/3,
2005/5/4,
2005/5/5,
2005/5/6,104.75
2005/5/7,
2005/5/8,
2005/5/9,105.34
2005/5/10,105.84
2005/5/11,105.59
2005/5/12,106.2
2005/5/13,106.91
2005/5/14,
2005/5/15,
2005/5/16,107.67
2005/5/17,107.18
2005/5/18,107.49
2005/5/19,107.13
2005/5/20,107.51
2005/5/21,
2005/5/22,
2005/5/23,107.98
2005/5/24,107.46
2005/5/25,107.45
2005/5/26,108.09
2005/5/27,107.84
2005/5/28,
2005/5/29,
2005/5/30,107.92
2005/5/31,108.17
2005/6/1,108.31
2005/6/2,108.29
2005/6/3,107.89
2005/6/4,
2005/6/5,
2005/6/6,107.29
2005/6/7,106.79
2005/6/8,106.74
2005/6/9,107.25
2005/6/10,107.44
2005/6/11,
2005/6/12,
2005/6/13,108.57
2005/6/14,109.32
2005/6/15,109.16
2005/6/16,109.34
2005/6/17,108.86
2005/6/18,
2005/6/19,
2005/6/20,108.7
2005/6/21,109.46
2005/6/22,108.49
2005/6/23,108.75
2005/6/24,109.23
2005/6/25,
2005/6/26,
2005/6/27,109.22
2005/6/28,109.78
2005/6/29,110.34
2005/6/30,110.37
2005/7/1,111.09
2005/7/2,
2005/7/3,
2005/7/4,111.5
2005/7/5,112.03
2005/7/6,111.64
2005/7/7,112.05
2005/7/8,112.29
2005/7/9,
2005/7/10,
2005/7/11,111.86
2005/7/12,111.16
2005/7/13,111.42
2005/7/14,111.83
2005/7/15,111.8
2005/7/16,
2005/7/17,
2005/7/18,
2005/7/19,112.6
2005/7/20,113.07
2005/7/21,112.38
2005/7/22,110.84
2005/7/23,
2005/7/24,
2005/7/25,111.9
2005/7/26,111.89
2005/7/27,112.7
2005/7/28,112.64
2005/7/29,112.18
2005/7/30,
2005/7/31,
2005/8/1,112.1
2005/8/2,111.39
2005/8/3,111.65
2005/8/4,111.16
2005/8/5,111.39
2005/8/6,
2005/8/7,
2005/8/8,112.21
2005/8/9,111.92
2005/8/10,111.1
2005/8/11,110.13
2005/8/12,109.57
2005/8/13,
2005/8/14,
2005/8/15,109.54
2005/8/16,109.06
2005/8/17,109.83
2005/8/18,110.15
2005/8/19,110.82
2005/8/20,
2005/8/21,
2005/8/22,109.88
2005/8/23,109.88
2005/8/24,110.69
2005/8/25,109.94
2005/8/26,109.79
2005/8/27,
2005/8/28,
2005/8/29,110.28
2005/8/30,111.07
2005/8/31,111.42
2005/9/1,110.8
2005/9/2,109.56
2005/9/3,
2005/9/4,
2005/9/5,109.22
2005/9/6,109.77
2005/9/7,109.67
2005/9/8,110.35
2005/9/9,110.5
2005/9/10,
2005/9/11,
2005/9/12,109.77
2005/9/13,110.5
2005/9/14,110.54
2005/9/15,110.46
2005/9/16,110.67
2005/9/17,
2005/9/18,
2005/9/19,
2005/9/20,111.3
2005/9/21,111.56
2005/9/22,111.13
2005/9/23,
2005/9/24,
2005/9/25,
2005/9/26,112.52
2005/9/27,112.92
2005/9/28,112.98
2005/9/29,113.08
2005/9/30,113.28
2005/10/1,
2005/10/2,
2005/10/3,113.92
2005/10/4,114.33
2005/10/5,113.79
2005/10/6,113.72
2005/10/7,113.34
2005/10/8,
2005/10/9,
2005/10/10,
2005/10/11,114.08
2005/10/12,114.65
2005/10/13,114.83
2005/10/14,114.51
2005/10/15,
2005/10/16,
2005/10/17,114.27
2005/10/18,115.67
2005/10/19,115.83
2005/10/20,115.64
2005/10/21,115.14
2005/10/22,
2005/10/23,
2005/10/24,115.7
2005/10/25,115.6
2005/10/26,115.45
2005/10/27,115.41
2005/10/28,115.18
2005/10/29,
2005/10/30,
2005/10/31,115.67
2005/11/1,116.55
2005/11/2,116.83
2005/11/3,
2005/11/4,117.64
2005/11/5,
2005/11/6,
2005/11/7,117.97
2005/11/8,117.88
2005/11/9,117.43
2005/11/10,117.65
2005/11/11,117.82
2005/11/12,
2005/11/13,
2005/11/14,118.06
2005/11/15,118.86
2005/11/16,119.27
2005/11/17,118.99
2005/11/18,119.23
2005/11/19,
2005/11/20,
2005/11/21,119.28
2005/11/22,119.05
2005/11/23,
2005/11/24,118.78
2005/11/25,119.27
2005/11/26,
2005/11/27,
2005/11/28,119.87
2005/11/29,119.08
2005/11/30,119.46
2005/12/1,119.89
2005/12/2,120.67
2005/12/3,
2005/12/4,
2005/12/5,121.29
2005/12/6,121.06
2005/12/7,120.98
2005/12/8,120.43
2005/12/9,120.67
2005/12/10,
2005/12/11,
2005/12/12,120.87
2005/12/13,119.82
2005/12/14,118.74
2005/12/15,116.47
2005/12/16,116.03
2005/12/17,
2005/12/18,
2005/12/19,116.43
2005/12/20,116.67
2005/12/21,117.11
2005/12/22,117.5
2005/12/23,
2005/12/24,
2005/12/25,
2005/12/26,116.43
2005/12/27,117.15
2005/12/28,117.17
2005/12/29,117.83
2005/12/30,117.48
2005/12/31,
2006/1/1,
2006/1/2,
2006/1/3,
2006/1/4,115.99
2006/1/5,115.84
2006/1/6,116.1
2006/1/7,
2006/1/8,
2006/1/9,
2006/1/10,114.49
2006/1/11,114.75
2006/1/12,113.97
2006/1/13,114.51
2006/1/14,
2006/1/15,
2006/1/16,114.33
2006/1/17,114.71
2006/1/18,115.24
2006/1/19,115.35
2006/1/20,115.34
2006/1/21,
2006/1/22,
2006/1/23,114.77
2006/1/24,114.51
2006/1/25,114.97
2006/1/26,115.58
2006/1/27,116.28
2006/1/28,
2006/1/29,
2006/1/30,117.39
2006/1/31,117.18
2006/2/1,117.35
2006/2/2,118.38
2006/2/3,118.51
2006/2/4,
2006/2/5,
2006/2/6,118.68
2006/2/7,118.47
2006/2/8,117.86
2006/2/9,118.69
2006/2/10,117.59
2006/2/11,
2006/2/12,
2006/2/13,117.89
2006/2/14,117.29
2006/2/15,117.6
2006/2/16,117.77
2006/2/17,117.92
2006/2/18,
2006/2/19,
2006/2/20,118.18
2006/2/21,118.59
2006/2/22,118.58
2006/2/23,117.66
2006/2/24,116.63
2006/2/25,
2006/2/26,
2006/2/27,116.19
2006/2/28,116.35
2006/3/1,115.84
2006/3/2,116.08
2006/3/3,116.26
2006/3/4,
2006/3/5,
2006/3/6,116.97
2006/3/7,117.79
2006/3/8,117.57
2006/3/9,117.85
2006/3/10,118.22
2006/3/11,
2006/3/12,
2006/3/13,118.82
2006/3/14,118.6
2006/3/15,117.52
2006/3/16,117.67
2006/3/17,116.68
2006/3/18,
2006/3/19,
2006/3/20,116.1
2006/3/21,
2006/3/22,117.23
2006/3/23,116.9
2006/3/24,118.06
2006/3/25,
2006/3/26,
2006/3/27,116.69
2006/3/28,116.8
2006/3/29,117.87
2006/3/30,117.73
2006/3/31,117.47
2006/4/1,
2006/4/2,
2006/4/3,118.53
2006/4/4,117.53
2006/4/5,116.96
2006/4/6,117.55
2006/4/7,117.63
2006/4/8,
2006/4/9,
2006/4/10,118.17
2006/4/11,118.44
2006/4/12,118.37
2006/4/13,118.41
2006/4/14,118.66
2006/4/15,
2006/4/16,
2006/4/17,118.23
2006/4/18,118.05
2006/4/19,117.09
2006/4/20,117.59
2006/4/21,117.61
2006/4/22,
2006/4/23,
2006/4/24,115.05
2006/4/25,114.5
2006/4/26,115.26
2006/4/27,114.75
2006/4/28,114.32
2006/4/29,
2006/4/30,
2006/5/1,113.2
2006/5/2,113.82
2006/5/3,
2006/5/4,
2006/5/5,
2006/5/6,
2006/5/7,
2006/5/8,111.3
2006/5/9,111.9
2006/5/10,110.72
2006/5/11,111.48
2006/5/12,109.81
2006/5/13,
2006/5/14,
2006/5/15,109.85
2006/5/16,110.22
2006/5/17,109.17
2006/5/18,110.82
2006/5/19,111.74
2006/5/20,
2006/5/21,
2006/5/22,112.63
2006/5/23,111.52
2006/5/24,111.89
2006/5/25,112.67
2006/5/26,111.96
2006/5/27,
2006/5/28,
2006/5/29,112.31
2006/5/30,111.67
2006/5/31,111.85
2006/6/1,112.79
2006/6/2,112.83
2006/6/3,
2006/6/4,
2006/6/5,111.76
2006/6/6,112.22
2006/6/7,113.26
2006/6/8,113.97
2006/6/9,113.91
2006/6/10,
2006/6/11,
2006/6/12,114.21
2006/6/13,114.49
2006/6/14,114.96
2006/6/15,114.9
2006/6/16,114.75
2006/6/17,
2006/6/18,
2006/6/19,115.62
2006/6/20,114.79
2006/6/21,114.74
2006/6/22,115.21
2006/6/23,116.13
2006/6/24,
2006/6/25,
2006/6/26,116.27
2006/6/27,116.23
2006/6/28,116.38
2006/6/29,116.41
2006/6/30,114.66
2006/7/1,
2006/7/2,
2006/7/3,114.57
2006/7/4,114.6
2006/7/5,115.04
2006/7/6,115.57
2006/7/7,114.94
2006/7/8,
2006/7/9,
2006/7/10,113.56
2006/7/11,114.27
2006/7/12,114.55
2006/7/13,115.12
2006/7/14,115.68
2006/7/15,
2006/7/16,
2006/7/17,
2006/7/18,116.89
2006/7/19,117.55
2006/7/20,116.78
2006/7/21,116.31
2006/7/22,
2006/7/23,
2006/7/24,116.73
2006/7/25,116.83
2006/7/26,116.89
2006/7/27,115.97
2006/7/28,115.57
2006/7/29,
2006/7/30,
2006/7/31,114.47
2006/8/1,114.76
2006/8/2,114.44
2006/8/3,114.81
2006/8/4,115.27
2006/8/5,
2006/8/6,
2006/8/7,114.6
2006/8/8,115.09
2006/8/9,115.36
2006/8/10,114.91
2006/8/11,115.69
2006/8/12,
2006/8/13,
2006/8/14,116.53
2006/8/15,116.36
2006/8/16,116.05
2006/8/17,115.32
2006/8/18,116.04
2006/8/19,
2006/8/20,
2006/8/21,115.52
2006/8/22,116.29
2006/8/23,116.22
2006/8/24,116.54
2006/8/25,117.17
2006/8/26,
2006/8/27,
2006/8/28,117.06
2006/8/29,116.61
2006/8/30,117.02
2006/8/31,117.23
2006/9/1,117.38
2006/9/2,
2006/9/3,
2006/9/4,116.24
2006/9/5,115.67
2006/9/6,116.32
2006/9/7,116.96
2006/9/8,116.28
2006/9/9,
2006/9/10,
2006/9/11,117.19
2006/9/12,117.59
2006/9/13,117.7
2006/9/14,117.59
2006/9/15,117.65
2006/9/16,
2006/9/17,
2006/9/18,
2006/9/19,117.67
2006/9/20,117.15
2006/9/21,117.17
2006/9/22,116.42
2006/9/23,
2006/9/24,
2006/9/25,116.24
2006/9/26,116.41
2006/9/27,117.16
2006/9/28,117.66
2006/9/29,118.05
2006/9/30,
2006/10/1,
2006/10/2,118.29
2006/10/3,117.49
2006/10/4,117.99
2006/10/5,117.67
2006/10/6,118
2006/10/7,
2006/10/8,
2006/10/9,
2006/10/10,119.2
2006/10/11,119.5
2006/10/12,119.44
2006/10/13,119.17
2006/10/14,
2006/10/15,
2006/10/16,119.37
2006/10/17,118.91
2006/10/18,118.56
2006/10/19,118.48
2006/10/20,118.37
2006/10/21,
2006/10/22,
2006/10/23,118.95
2006/10/24,119.51
2006/10/25,119.09
2006/10/26,118.76
2006/10/27,118.51
2006/10/28,
2006/10/29,
2006/10/30,117.42
2006/10/31,117.74
2006/11/1,117.1
2006/11/2,117.28
2006/11/3,
2006/11/4,
2006/11/5,
2006/11/6,118.18
2006/11/7,117.81
2006/11/8,117.67
2006/11/9,117.78
2006/11/10,117.63
2006/11/11,
2006/11/12,
2006/11/13,117.42
2006/11/14,117.53
2006/11/15,117.74
2006/11/16,118.12
2006/11/17,118.37
2006/11/18,
2006/11/19,
2006/11/20,117.93
2006/11/21,118.13
2006/11/22,117.48
2006/11/23,
2006/11/24,116.34
2006/11/25,
2006/11/26,
2006/11/27,116.05
2006/11/28,116.11
2006/11/29,115.9
2006/11/30,116.12
2006/12/1,115.87
2006/12/2,
2006/12/3,
2006/12/4,115.61
2006/12/5,114.98
2006/12/6,114.81
2006/12/7,114.82
2006/12/8,115.38
2006/12/9,
2006/12/10,
2006/12/11,116.65
2006/12/12,116.8
2006/12/13,116.96
2006/12/14,117.42
2006/12/15,117.88
2006/12/16,
2006/12/17,
2006/12/18,117.97
2006/12/19,118.27
2006/12/20,118.19
2006/12/21,118.37
2006/12/22,118.38
2006/12/23,
2006/12/24,
2006/12/25,118.84
2006/12/26,118.89
2006/12/27,118.7
2006/12/28,118.75
2006/12/29,118.92
2006/12/30,
2006/12/31,
2007/1/1,
2007/1/2,
2007/1/3,
2007/1/4,119.34
2007/1/5,118.44
2007/1/6,
2007/1/7,
2007/1/8,
2007/1/9,118.98
2007/1/10,119.28
2007/1/11,119.96
2007/1/12,120.48
2007/1/13,
2007/1/14,
2007/1/15,120.25
2007/1/16,120.34
2007/1/17,120.67
2007/1/18,121.22
2007/1/19,121.2
2007/1/20,
2007/1/21,
2007/1/22,121.37
2007/1/23,121.52
2007/1/24,120.94
2007/1/25,120.54
2007/1/26,121.54
2007/1/27,
2007/1/28,
2007/1/29,121.89
2007/1/30,121.92
2007/1/31,121.34
2007/2/1,120.69
2007/2/2,120.77
2007/2/3,
2007/2/4,
2007/2/5,120.61
2007/2/6,120.39
2007/2/7,120.45
2007/2/8,121.14
2007/2/9,121.32
2007/2/10,
2007/2/11,
2007/2/12,
2007/2/13,121.51
2007/2/14,121.21
2007/2/15,119.97
2007/2/16,119.44
2007/2/17,
2007/2/18,
2007/2/19,119.46
2007/2/20,119.95
2007/2/21,120.45
2007/2/22,121.25
2007/2/23,121.35
2007/2/24,
2007/2/25,
2007/2/26,120.88
2007/2/27,119.95
2007/2/28,118.59
2007/3/1,118.11
2007/3/2,117.65
2007/3/3,
2007/3/4,
2007/3/5,115.33
2007/3/6,116.39
2007/3/7,116.46
2007/3/8,116.62
2007/3/9,117.38
2007/3/10,
2007/3/11,
2007/3/12,118.4
2007/3/13,117.31
2007/3/14,116.05
2007/3/15,117.27
2007/3/16,116.85
2007/3/17,
2007/3/18,
2007/3/19,117.18
2007/3/20,117.75
2007/3/21,
2007/3/22,117.32
2007/3/23,117.96
2007/3/24,
2007/3/25,
2007/3/26,118.09
2007/3/27,118.06
2007/3/28,117.38
2007/3/29,117.42
2007/3/30,118.05
2007/3/31,
2007/4/1,
2007/4/2,117.79
2007/4/3,118.52
2007/4/4,118.82
2007/4/5,118.73
2007/4/6,118.8
2007/4/7,
2007/4/8,
2007/4/9,119.28
2007/4/10,119.16
2007/4/11,119.21
2007/4/12,119.27
2007/4/13,118.6
2007/4/14,
2007/4/15,
2007/4/16,119.5
2007/4/17,119.31
2007/4/18,118.66
2007/4/19,117.95
2007/4/20,118.72
2007/4/21,
2007/4/22,
2007/4/23,118.33
2007/4/24,118.64
2007/4/25,118.5
2007/4/26,118.94
2007/4/27,119.41
2007/4/28,
2007/4/29,
2007/4/30,
2007/5/1,119.55
2007/5/2,119.99
2007/5/3,
2007/5/4,
2007/5/5,
2007/5/6,
2007/5/7,119.94
2007/5/8,119.96
2007/5/9,119.84
2007/5/10,120.2
2007/5/11,119.88
2007/5/12,
2007/5/13,
2007/5/14,120.22
2007/5/15,120.23
2007/5/16,120.37
2007/5/17,120.95
2007/5/18,121.3
2007/5/19,
2007/5/20,
2007/5/21,121.29
2007/5/22,121.46
2007/5/23,121.83
2007/5/24,121.45
2007/5/25,121.36
2007/5/26,
2007/5/27,
2007/5/28,121.69
2007/5/29,121.31
2007/5/30,121.63
2007/5/31,121.63
2007/6/1,121.9
2007/6/2,
2007/6/3,
2007/6/4,122.03
2007/6/5,121.76
2007/6/6,121.29
2007/6/7,121.27
2007/6/8,120.93
2007/6/9,
2007/6/10,
2007/6/11,121.61
2007/6/12,121.66
2007/6/13,122.29
2007/6/14,122.94
2007/6/15,123.31
2007/6/16,
2007/6/17,
2007/6/18,123.47
2007/6/19,123.67
2007/6/20,123.37
2007/6/21,123.7
2007/6/22,124.07
2007/6/23,
2007/6/24,
2007/6/25,123.74
2007/6/26,123.21
2007/6/27,122.6
2007/6/28,123.09
2007/6/29,123.48
2007/6/30,
2007/7/1,
2007/7/2,122.65
2007/7/3,122.43
2007/7/4,122.37
2007/7/5,122.6
2007/7/6,123.21
2007/7/7,
2007/7/8,
2007/7/9,123.46
2007/7/10,123.33
2007/7/11,121.28
2007/7/12,122.04
2007/7/13,122.4
2007/7/14,
2007/7/15,
2007/7/16,
2007/7/17,121.83
2007/7/18,121.93
2007/7/19,121.87
2007/7/20,122.39
2007/7/21,
2007/7/22,
2007/7/23,120.92
2007/7/24,120.53
2007/7/25,120.14
2007/7/26,120.36
2007/7/27,119.07
2007/7/28,
2007/7/29,
2007/7/30,118.97
2007/7/31,118.99
2007/8/1,117.87
2007/8/2,118.79
2007/8/3,119.13
2007/8/4,
2007/8/5,
2007/8/6,117.73
2007/8/7,118.72
2007/8/8,119.21
2007/8/9,119.05
2007/8/10,118.08
2007/8/11,
2007/8/12,
2007/8/13,118.29
2007/8/14,117.94
2007/8/15,116.94
2007/8/16,116.07
2007/8/17,112.72
2007/8/18,
2007/8/19,
2007/8/20,115.3
2007/8/21,114.3
2007/8/22,114.87
2007/8/23,115.93
2007/8/24,116.11
2007/8/25,
2007/8/26,
2007/8/27,116.17
2007/8/28,115.51
2007/8/29,114.43
2007/8/30,115.65
2007/8/31,116.24
2007/9/1,
2007/9/2,
2007/9/3,116.02
2007/9/4,115.4
2007/9/5,115.79
2007/9/6,115.37
2007/9/7,115.19
2007/9/8,
2007/9/9,
2007/9/10,113.37
2007/9/11,113.59
2007/9/12,114.07
2007/9/13,114.47
2007/9/14,115
2007/9/15,
2007/9/16,
2007/9/17,
2007/9/18,114.97
2007/9/19,115.89
2007/9/20,115.61
2007/9/21,115.03
2007/9/22,
2007/9/23,
2007/9/24,
2007/9/25,114.72
2007/9/26,114.96
2007/9/27,115.52
2007/9/28,115.27
2007/9/29,
2007/9/30,
2007/10/1,115.55
2007/10/2,115.45
2007/10/3,115.99
2007/10/4,116.56
2007/10/5,116.51
2007/10/6,
2007/10/7,
2007/10/8,
2007/10/9,117.31
2007/10/10,117.33
2007/10/11,117.26
2007/10/12,117.32
2007/10/13,
2007/10/14,
2007/10/15,117.7
2007/10/16,116.77
2007/10/17,116.58
2007/10/18,116.31
2007/10/19,115.33
2007/10/20,
2007/10/21,
2007/10/22,114.05
2007/10/23,114.39
2007/10/24,114.36
2007/10/25,114.21
2007/10/26,114.43
2007/10/27,
2007/10/28,
2007/10/29,114.19
2007/10/30,114.52
2007/10/31,114.78
2007/11/1,115.56
2007/11/2,114.54
2007/11/3,
2007/11/4,
2007/11/5,114.36
2007/11/6,114.69
2007/11/7,113.91
2007/11/8,112.63
2007/11/9,112.67
2007/11/10,
2007/11/11,
2007/11/12,110.33
2007/11/13,110.11
2007/11/14,111.39
2007/11/15,111.4
2007/11/16,110.1
2007/11/17,
2007/11/18,
2007/11/19,110.67
2007/11/20,110.42
2007/11/21,109.13
2007/11/22,108.84
2007/11/23,
2007/11/24,
2007/11/25,
2007/11/26,108.45
2007/11/27,108.11
2007/11/28,108.72
2007/11/29,109.75
2007/11/30,110.29
2007/12/1,
2007/12/2,
2007/12/3,110.51
2007/12/4,110.25
2007/12/5,110.53
2007/12/6,110.9
2007/12/7,111.23
2007/12/8,
2007/12/9,
2007/12/10,111.62
2007/12/11,111.87
2007/12/12,111.25
2007/12/13,111.54
2007/12/14,112.38
2007/12/15,
2007/12/16,
2007/12/17,112.86
2007/12/18,113.06
2007/12/19,113.26
2007/12/20,113.22
2007/12/21,113.15
2007/12/22,
2007/12/23,
2007/12/24,
2007/12/25,114.17
2007/12/26,114.2
2007/12/27,114.26
2007/12/28,113.12
2007/12/29,
2007/12/30,
2007/12/31,
2008/1/1,
2008/1/2,
2008/1/3,
2008/1/4,109.27
2008/1/5,
2008/1/6,
2008/1/7,109.34
2008/1/8,109.44
2008/1/9,109.6
2008/1/10,109.86
2008/1/11,108.94
2008/1/12,
2008/1/13,
2008/1/14,
2008/1/15,107.6
2008/1/16,106.3
2008/1/17,107.44
2008/1/18,107.24
2008/1/19,
2008/1/20,
2008/1/21,106.34
2008/1/22,106.02
2008/1/23,106.53
2008/1/24,106.38
2008/1/25,107.64
2008/1/26,
2008/1/27,
2008/1/28,106.47
2008/1/29,106.75
2008/1/30,106.66
2008/1/31,106.63
2008/2/1,106.45
2008/2/2,
2008/2/3,
2008/2/4,106.73
2008/2/5,106.99
2008/2/6,106.29
2008/2/7,106.53
2008/2/8,107.52
2008/2/9,
2008/2/10,
2008/2/11,
2008/2/12,107.09
2008/2/13,107.28
2008/2/14,108.27
2008/2/15,108.28
2008/2/16,
2008/2/17,
2008/2/18,108.02
2008/2/19,107.77
2008/2/20,107.58
2008/2/21,108.12
2008/2/22,107.33
2008/2/23,
2008/2/24,
2008/2/25,107.45
2008/2/26,108.06
2008/2/27,107.07
2008/2/28,106.41
2008/2/29,104.34
2008/3/1,
2008/3/2,
2008/3/3,102.69
2008/3/4,103.18
2008/3/5,103.63
2008/3/6,103.58
2008/3/7,102.44
2008/3/8,
2008/3/9,
2008/3/10,102.06
2008/3/11,102.2
2008/3/12,103.08
2008/3/13,100.19
2008/3/14,100.29
2008/3/15,
2008/3/16,
2008/3/17,97.38
2008/3/18,97.61
2008/3/19,99.06
2008/3/20,
2008/3/21,99.68
2008/3/22,
2008/3/23,
2008/3/24,99.99
2008/3/25,100.55
2008/3/26,100.16
2008/3/27,99.39
2008/3/28,100.01
2008/3/29,
2008/3/30,
2008/3/31,99.37
2008/4/1,100.12
2008/4/2,101.94
2008/4/3,102.68
2008/4/4,102.32
2008/4/5,
2008/4/6,
2008/4/7,102.72
2008/4/8,101.97
2008/4/9,102.27
2008/4/10,101.04
2008/4/11,101.81
2008/4/12,
2008/4/13,
2008/4/14,100.55
2008/4/15,100.94
2008/4/16,101.51
2008/4/17,101.78
2008/4/18,102.48
2008/4/19,
2008/4/20,
2008/4/21,103.33
2008/4/22,103.18
2008/4/23,103.02
2008/4/24,103.71
2008/4/25,104.71
2008/4/26,
2008/4/27,
2008/4/28,104.57
2008/4/29,
2008/4/30,104.05
2008/5/1,104.13
2008/5/2,104.73
2008/5/3,
2008/5/4,
2008/5/5,
2008/5/6,
2008/5/7,105.05
2008/5/8,103.81
2008/5/9,103.1
2008/5/10,
2008/5/11,
2008/5/12,103.76
2008/5/13,103.62
2008/5/14,105.16
2008/5/15,104.82
2008/5/16,104.25
2008/5/17,
2008/5/18,
2008/5/19,103.89
2008/5/20,103.81
2008/5/21,103.32
2008/5/22,103.23
2008/5/23,103.89
2008/5/24,
2008/5/25,
2008/5/26,103.36
2008/5/27,103.87
2008/5/28,103.96
2008/5/29,105
2008/5/30,105.46
2008/5/31,
2008/6/1,
2008/6/2,105.09
2008/6/3,104.25
2008/6/4,104.9
2008/6/5,105.9
2008/6/6,106.04
2008/6/7,
2008/6/8,
2008/6/9,105.24
2008/6/10,106.66
2008/6/11,107.55
2008/6/12,107.51
2008/6/13,108.07
2008/6/14,
2008/6/15,
2008/6/16,108.49
2008/6/17,107.76
2008/6/18,108.19
2008/6/19,107.52
2008/6/20,107.7
2008/6/21,
2008/6/22,
2008/6/23,107.59
2008/6/24,107.94
2008/6/25,107.98
2008/6/26,108.09
2008/6/27,106.35
2008/6/28,
2008/6/29,
2008/6/30,105.33
2008/7/1,105.82
2008/7/2,106.16
2008/7/3,106.04
2008/7/4,106.74
2008/7/5,
2008/7/6,
2008/7/7,107.63
2008/7/8,106.41
2008/7/9,107.53
2008/7/10,107.17
2008/7/11,107.21
2008/7/12,
2008/7/13,
2008/7/14,106.6
2008/7/15,105.42
2008/7/16,104.03
2008/7/17,105.44
2008/7/18,106.35
2008/7/19,
2008/7/20,
2008/7/21,
2008/7/22,106.46
2008/7/23,107.69
2008/7/24,107.83
2008/7/25,106.79
2008/7/26,
2008/7/27,
2008/7/28,107.75
2008/7/29,107.57
2008/7/30,107.95
2008/7/31,108.13
2008/8/1,107.44
2008/8/2,
2008/8/3,
2008/8/4,107.8
2008/8/5,107.82
2008/8/6,108.33
2008/8/7,109.45
2008/8/8,109.85
2008/8/9,
2008/8/10,
2008/8/11,109.84
2008/8/12,109.9
2008/8/13,108.77
2008/8/14,109.5
2008/8/15,110.34
2008/8/16,
2008/8/17,
2008/8/18,110.26
2008/8/19,110.02
2008/8/20,110.13
2008/8/21,108.96
2008/8/22,109.11
2008/8/23,
2008/8/24,
2008/8/25,109.97
2008/8/26,109.83
2008/8/27,109.02
2008/8/28,108.91
2008/8/29,108.8
2008/8/30,
2008/8/31,
2008/9/1,107.72
2008/9/2,108.31
2008/9/3,108.91
2008/9/4,108.35
2008/9/5,106.49
2008/9/6,
2008/9/7,
2008/9/8,108.79
2008/9/9,107.8
2008/9/10,107.18
2008/9/11,107.22
2008/9/12,107.5
2008/9/13,
2008/9/14,
2008/9/15,
2008/9/16,103.73
2008/9/17,105.2
2008/9/18,105.32
2008/9/19,107.24
2008/9/20,
2008/9/21,
2008/9/22,106.21
2008/9/23,
2008/9/24,106.17
2008/9/25,105.77
2008/9/26,105.35
2008/9/27,
2008/9/28,
2008/9/29,106.15
2008/9/30,104.76
2008/10/1,106.29
2008/10/2,105.33
2008/10/3,105.02
2008/10/4,
2008/10/5,
2008/10/6,103.73
2008/10/7,102.71
2008/10/8,100.12
2008/10/9,101.17
2008/10/10,99.17
2008/10/11,
2008/10/12,
2008/10/13,
2008/10/14,102.47
2008/10/15,101.29
2008/10/16,100.41
2008/10/17,101.05
2008/10/18,
2008/10/19,
2008/10/20,102.24
2008/10/21,101.21
2008/10/22,99.3
2008/10/23,97.69
2008/10/24,95.16
2008/10/25,
2008/10/26,
2008/10/27,92.97
2008/10/28,94.55
2008/10/29,96.86
2008/10/30,98.75
2008/10/31,97.01
2008/11/1,
2008/11/2,
2008/11/3,
2008/11/4,99.11
2008/11/5,99.38
2008/11/6,97.92
2008/11/7,97.59
2008/11/8,
2008/11/9,
2008/11/10,99.13
2008/11/11,97.65
2008/11/12,97.96
2008/11/13,95.66
2008/11/14,96.89
2008/11/15,
2008/11/16,
2008/11/17,97.11
2008/11/18,96.61
2008/11/19,96.74
2008/11/20,95.25
2008/11/21,94.99
2008/11/22,
2008/11/23,
2008/11/24,
2008/11/25,96.58
2008/11/26,94.94
2008/11/27,95.12
2008/11/28,95.31
2008/11/29,
2008/11/30,
2008/12/1,95.07
2008/12/2,93.29
2008/12/3,93.31
2008/12/4,92.8
2008/12/5,92.24
2008/12/6,
2008/12/7,
2008/12/8,93.02
2008/12/9,92.56
2008/12/10,92.53
2008/12/11,92.52
2008/12/12,89.58
2008/12/13,
2008/12/14,
2008/12/15,90.97
2008/12/16,90.3
2008/12/17,88.7
2008/12/18,87.92
2008/12/19,88.93
2008/12/20,
2008/12/21,
2008/12/22,89.85
2008/12/23,
2008/12/24,90.38
2008/12/25,90.38
2008/12/26,90.52
2008/12/27,
2008/12/28,
2008/12/29,90.36
2008/12/30,90.28
2008/12/31,
2009/1/1,
2009/1/2,
2009/1/3,
2009/1/4,
2009/1/5,92.02
2009/1/6,93.54
2009/1/7,93.48
2009/1/8,91.77
2009/1/9,91.16
2009/1/10,
2009/1/11,
2009/1/12,
2009/1/13,89.27
2009/1/14,89.78
2009/1/15,89.08
2009/1/16,90.31
2009/1/17,
2009/1/18,
2009/1/19,90.63
2009/1/20,90.42
2009/1/21,89.91
2009/1/22,89.34
2009/1/23,88.34
2009/1/24,
2009/1/25,
2009/1/26,88.63
2009/1/27,90.03
2009/1/28,89.17
2009/1/29,90.23
2009/1/30,89.51
2009/1/31,
2009/2/1,
2009/2/2,89.37
2009/2/3,89.73
2009/2/4,88.88
2009/2/5,89.49
2009/2/6,90.93
2009/2/7,
2009/2/8,
2009/2/9,91.17
2009/2/10,91.34
2009/2/11,
2009/2/12,90.16
2009/2/13,91.19
2009/2/14,
2009/2/15,
2009/2/16,91.57
2009/2/17,92.26
2009/2/18,92.59
2009/2/19,93.57
2009/2/20,94.09
2009/2/21,
2009/2/22,
2009/2/23,93.37
2009/2/24,95.36
2009/2/25,97.17
2009/2/26,97.94
2009/2/27,97.87
2009/2/28,
2009/3/1,
2009/3/2,97.26
2009/3/3,97.76
2009/3/4,98.83
2009/3/5,99.61
2009/3/6,97.36
2009/3/7,
2009/3/8,
2009/3/9,98.67
2009/3/10,98.65
2009/3/11,98.57
2009/3/12,96.34
2009/3/13,97.99
2009/3/14,
2009/3/15,
2009/3/16,98.26
2009/3/17,98.67
2009/3/18,98.55
2009/3/19,95.48
2009/3/20,
2009/3/21,
2009/3/22,
2009/3/23,95.99
2009/3/24,98.3
2009/3/25,97.73
2009/3/26,98.11
2009/3/27,97.9
2009/3/28,
2009/3/29,
2009/3/30,96.18
2009/3/31,98.31
2009/4/1,98.62
2009/4/2,99.13
2009/4/3,99.79
2009/4/4,
2009/4/5,
2009/4/6,101.17
2009/4/7,100.55
2009/4/8,99.67
2009/4/9,100.15
2009/4/10,100.47
2009/4/11,
2009/4/12,
2009/4/13,100.66
2009/4/14,99.64
2009/4/15,98.76
2009/4/16,98.65
2009/4/17,99.4
2009/4/18,
2009/4/19,
2009/4/20,99.04
2009/4/21,98.02
2009/4/22,98.16
2009/4/23,98.16
2009/4/24,97.08
2009/4/25,
2009/4/26,
2009/4/27,96.73
2009/4/28,95.88
2009/4/29,
2009/4/30,97.67
2009/5/1,99.27
2009/5/2,
2009/5/3,
2009/5/4,
2009/5/5,
2009/5/6,
2009/5/7,98.92
2009/5/8,99.39
2009/5/9,
2009/5/10,
2009/5/11,98.28
2009/5/12,97.65
2009/5/13,96.41
2009/5/14,95.55
2009/5/15,95.29
2009/5/16,
2009/5/17,
2009/5/18,95.39
2009/5/19,96.68
2009/5/20,95.99
2009/5/21,94.77
2009/5/22,94.26
2009/5/23,
2009/5/24,
2009/5/25,94.99
2009/5/26,94.66
2009/5/27,95.22
2009/5/28,96.62
2009/5/29,96.45
2009/5/30,
2009/5/31,
2009/6/1,94.76
2009/6/2,96.51
2009/6/3,96.26
2009/6/4,96.21
2009/6/5,96.72
2009/6/6,
2009/6/7,
2009/6/8,98.56
2009/6/9,98.17
2009/6/10,97.61
2009/6/11,97.84
2009/6/12,98.04
2009/6/13,
2009/6/14,
2009/6/15,98.25
2009/6/16,96.61
2009/6/17,96.48
2009/6/18,95.84
2009/6/19,96.83
2009/6/20,
2009/6/21,
2009/6/22,96.13
2009/6/23,95.23
2009/6/24,95.35
2009/6/25,96.35
2009/6/26,95.93
2009/6/27,
2009/6/28,
2009/6/29,95.53
2009/6/30,95.56
2009/7/1,96.78
2009/7/2,96.66
2009/7/3,95.93
2009/7/4,
2009/7/5,
2009/7/6,95.19
2009/7/7,95.19
2009/7/8,94.27
2009/7/9,93.36
2009/7/10,92.75
2009/7/11,
2009/7/12,
2009/7/13,92.46
2009/7/14,93.08
2009/7/15,93.47
2009/7/16,93.78
2009/7/17,93.71
2009/7/18,
2009/7/19,
2009/7/20,
2009/7/21,94.09
2009/7/22,93.57
2009/7/23,94.36
2009/7/24,94.84
2009/7/25,
2009/7/26,
2009/7/27,95.02
2009/7/28,95.18
2009/7/29,94.42
2009/7/30,94.99
2009/7/31,95.61
2009/8/1,
2009/8/2,
2009/8/3,95.02
2009/8/4,94.95
2009/8/5,95.02
2009/8/6,95.19
2009/8/7,95.39
2009/8/8,
2009/8/9,
2009/8/10,97.39
2009/8/11,96.87
2009/8/12,95.26
2009/8/13,96.39
2009/8/14,95.21
2009/8/15,
2009/8/16,
2009/8/17,94.67
2009/8/18,95.1
2009/8/19,94.29
2009/8/20,94.31
2009/8/21,93.92
2009/8/22,
2009/8/23,
2009/8/24,94.97
2009/8/25,94.32
2009/8/26,94.18
2009/8/27,93.69
2009/8/28,93.93
2009/8/29,
2009/8/30,
2009/8/31,92.78
2009/9/1,93.27
2009/9/2,92.66
2009/9/3,92.43
2009/9/4,92.86
2009/9/5,
2009/9/6,
2009/9/7,93.24
2009/9/8,92.39
2009/9/9,92.5
2009/9/10,92.16
2009/9/11,90.94
2009/9/12,
2009/9/13,
2009/9/14,90.59
2009/9/15,91.12
2009/9/16,90.29
2009/9/17,90.57
2009/9/18,91.25
2009/9/19,
2009/9/20,
2009/9/21,
2009/9/22,
2009/9/23,
2009/9/24,90.63
2009/9/25,90.6
2009/9/26,
2009/9/27,
2009/9/28,89.57
2009/9/29,89.72
2009/9/30,89.76
2009/10/1,89.98
2009/10/2,89.37
2009/10/3,
2009/10/4,
2009/10/5,89.84
2009/10/6,89.27
2009/10/7,88.15
2009/10/8,88.28
2009/10/9,89.29
2009/10/10,
2009/10/11,
2009/10/12,
2009/10/13,90.12
2009/10/14,89.19
2009/10/15,89.54
2009/10/16,91.17
2009/10/17,
2009/10/18,
2009/10/19,90.6
2009/10/20,90.31
2009/10/21,90.71
2009/10/22,91.43
2009/10/23,91.82
2009/10/24,
2009/10/25,
2009/10/26,91.84
2009/10/27,92.04
2009/10/28,91.16
2009/10/29,90.66
2009/10/30,91.11
2009/10/31,
2009/11/1,
2009/11/2,90.13
2009/11/3,
2009/11/4,90.56
2009/11/5,90.42
2009/11/6,90.46
2009/11/7,
2009/11/8,
2009/11/9,90.12
2009/11/10,89.87
2009/11/11,90.03
2009/11/12,89.81
2009/11/13,90.29
2009/11/14,
2009/11/15,
2009/11/16,89.57
2009/11/17,88.86
2009/11/18,89.16
2009/11/19,88.91
2009/11/20,88.79
2009/11/21,
2009/11/22,
2009/11/23,
2009/11/24,88.66
2009/11/25,88.36
2009/11/26,86.79
2009/11/27,86.16
2009/11/28,
2009/11/29,
2009/11/30,86.15
2009/12/1,87.04
2009/12/2,87.21
2009/12/3,87.76
2009/12/4,88.09
2009/12/5,
2009/12/6,
2009/12/7,89.84
2009/12/8,88.95
2009/12/9,87.91
2009/12/10,87.96
2009/12/11,88.69
2009/12/12,
2009/12/13,
2009/12/14,88.55
2009/12/15,89.12
2009/12/16,89.7
2009/12/17,89.72
2009/12/18,89.84
2009/12/19,
2009/12/20,
2009/12/21,90.47
2009/12/22,91.19
2009/12/23,
2009/12/24,91.23
2009/12/25,91.3
2009/12/26,
2009/12/27,
2009/12/28,91.51
2009/12/29,91.72
2009/12/30,92.13
2009/12/31,
2010/1/1,
2010/1/2,
2010/1/3,
2010/1/4,93.04
2010/1/5,91.9
2010/1/6,92.12
2010/1/7,92.79
2010/1/8,93.28
2010/1/9,
2010/1/10,
2010/1/11,
2010/1/12,91.89
2010/1/13,91.27
2010/1/14,91.85
2010/1/15,90.96
2010/1/16,
2010/1/17,
2010/1/18,90.99
2010/1/19,90.62
2010/1/20,90.91
2010/1/21,91.52
2010/1/22,90.43
2010/1/23,
2010/1/24,
2010/1/25,90.23
2010/1/26,90.13
2010/1/27,89.37
2010/1/28,90.43
2010/1/29,90.19
2010/1/30,
2010/1/31,
2010/2/1,90.35
2010/2/2,90.73
2010/2/3,90.39
2010/2/4,91.03
2010/2/5,89.52
2010/2/6,
2010/2/7,
2010/2/8,89.4
2010/2/9,89.56
2010/2/10,89.75
2010/2/11,
2010/2/12,90.06
2010/2/13,
2010/2/14,
2010/2/15,90.15
2010/2/16,89.82
2010/2/17,90.24
2010/2/18,90.99
2010/2/19,91.96
2010/2/20,
2010/2/21,
2010/2/22,91.5
2010/2/23,91
2010/2/24,90.32
2010/2/25,89.29
2010/2/26,89.34
2010/2/27,
2010/2/28,
2010/3/1,89.24
2010/3/2,89.25
2010/3/3,88.79
2010/3/4,88.4
2010/3/5,89.38
2010/3/6,
2010/3/7,
2010/3/8,90.39
2010/3/9,89.95
2010/3/10,90
2010/3/11,90.37
2010/3/12,90.64
2010/3/13,
2010/3/14,
2010/3/15,90.73
2010/3/16,90.29
2010/3/17,90.46
2010/3/18,90.05
2010/3/19,90.51
2010/3/20,
2010/3/21,
2010/3/22,
2010/3/23,90.18
2010/3/24,90.65
2010/3/25,91.9
2010/3/26,92.66
2010/3/27,
2010/3/28,
2010/3/29,92.64
2010/3/30,92.54
2010/3/31,93.27
2010/4/1,93.62
2010/4/2,93.95
2010/4/3,
2010/4/4,
2010/4/5,94.56
2010/4/6,93.86
2010/4/7,93.86
2010/4/8,93.12
2010/4/9,93.5
2010/4/10,
2010/4/11,
2010/4/12,93.46
2010/4/13,93.25
2010/4/14,93.47
2010/4/15,93.17
2010/4/16,92.61
2010/4/17,
2010/4/18,
2010/4/19,91.79
2010/4/20,92.86
2010/4/21,93.24
2010/4/22,93.04
2010/4/23,93.37
2010/4/24,
2010/4/25,
2010/4/26,94.09
2010/4/27,93.8
2010/4/28,93.27
2010/4/29,
2010/4/30,94.18
2010/5/1,
2010/5/2,
2010/5/3,
2010/5/4,
2010/5/5,
2010/5/6,93.6
2010/5/7,92.13
2010/5/8,
2010/5/9,
2010/5/10,93.39
2010/5/11,92.74
2010/5/12,93.03
2010/5/13,93.41
2010/5/14,92.74
2010/5/15,
2010/5/16,
2010/5/17,92.01
2010/5/18,92.75
2010/5/19,91.92
2010/5/20,91.39
2010/5/21,89.89
2010/5/22,
2010/5/23,
2010/5/24,90.23
2010/5/25,89.74
2010/5/26,90.19
2010/5/27,90.29
2010/5/28,91.32
2010/5/29,
2010/5/30,
2010/5/31,91.49
2010/6/1,90.82
2010/6/2,91.61
2010/6/3,92.51
2010/6/4,92.72
2010/6/5,
2010/6/6,
2010/6/7,91.49
2010/6/8,91.72
2010/6/9,91.47
2010/6/10,90.93
2010/6/11,91.59
2010/6/12,
2010/6/13,
2010/6/14,91.9
2010/6/15,91.2
2010/6/16,91.69
2010/6/17,91.18
2010/6/18,90.7
2010/6/19,
2010/6/20,
2010/6/21,90.78
2010/6/22,90.79
2010/6/23,90.45
2010/6/24,89.68
2010/6/25,89.68
2010/6/26,
2010/6/27,
2010/6/28,89.39
2010/6/29,88.63
2010/6/30,88.66
2010/7/1,88.44
2010/7/2,87.93
2010/7/3,
2010/7/4,
2010/7/5,87.85
2010/7/6,87.87
2010/7/7,87.19
2010/7/8,88.31
2010/7/9,88.46
2010/7/10,
2010/7/11,
2010/7/12,88.86
2010/7/13,88.42
2010/7/14,88.86
2010/7/15,87.94
2010/7/16,87.24
2010/7/17,
2010/7/18,
2010/7/19,
2010/7/20,86.84
2010/7/21,87.16
2010/7/22,86.56
2010/7/23,86.95
2010/7/24,
2010/7/25,
2010/7/26,87.22
2010/7/27,87.25
2010/7/28,88.04
2010/7/29,87.34
2010/7/30,86.37
2010/7/31,
2010/8/1,
2010/8/2,86.74
2010/8/3,85.99
2010/8/4,85.53
2010/8/5,86.33
2010/8/6,86.1
2010/8/7,
2010/8/8,
2010/8/9,85.65
2010/8/10,85.66
2010/8/11,85.1
2010/8/12,85.71
2010/8/13,85.93
2010/8/14,
2010/8/15,
2010/8/16,85.86
2010/8/17,85.26
2010/8/18,85.48
2010/8/19,85.78
2010/8/20,85.35
2010/8/21,
2010/8/22,
2010/8/23,85.4
2010/8/24,84.56
2010/8/25,84.57
2010/8/26,84.72
2010/8/27,84.66
2010/8/28,
2010/8/29,
2010/8/30,85.12
2010/8/31,84.24
2010/9/1,84.18
2010/9/2,84.16
2010/9/3,84.3
2010/9/4,
2010/9/5,
2010/9/6,84.16
2010/9/7,83.9
2010/9/8,83.68
2010/9/9,83.65
2010/9/10,83.94
2010/9/11,
2010/9/12,
2010/9/13,83.93
2010/9/14,83.22
2010/9/15,85.46
2010/9/16,85.41
2010/9/17,85.82
2010/9/18,
2010/9/19,
2010/9/20,
2010/9/21,85.43
2010/9/22,84.84
2010/9/23,
2010/9/24,84.71
2010/9/25,
2010/9/26,
2010/9/27,84.17
2010/9/28,84.21
2010/9/29,83.62
2010/9/30,83.32
2010/10/1,83.34
2010/10/2,
2010/10/3,
2010/10/4,83.24
2010/10/5,83.51
2010/10/6,83.11
2010/10/7,82.44
2010/10/8,82.4
2010/10/9,
2010/10/10,
2010/10/11,
2010/10/12,81.93
2010/10/13,81.9
2010/10/14,81.11
2010/10/15,81.26
2010/10/16,
2010/10/17,
2010/10/18,81.25
2010/10/19,81.39
2010/10/20,81.21
2010/10/21,81.1
2010/10/22,81.17
2010/10/23,
2010/10/24,
2010/10/25,80.5
2010/10/26,81.2
2010/10/27,81.99
2010/10/28,81.35
2010/10/29,80.68
2010/10/30,
2010/10/31,
2010/11/1,80.47
2010/11/2,80.61
2010/11/3,
2010/11/4,81.05
2010/11/5,80.81
2010/11/6,
2010/11/7,
2010/11/8,81.2
2010/11/9,80.84
2010/11/10,81.83
2010/11/11,82.23
2010/11/12,81.86
2010/11/13,
2010/11/14,
2010/11/15,82.82
2010/11/16,83.05
2010/11/17,83.42
2010/11/18,83.26
2010/11/19,83.31
2010/11/20,
2010/11/21,
2010/11/22,83.42
2010/11/23,
2010/11/24,83.04
2010/11/25,83.51
2010/11/26,83.91
2010/11/27,
2010/11/28,
2010/11/29,83.87
2010/11/30,84.03
2010/12/1,83.58
2010/12/2,84.15
2010/12/3,83.65
2010/12/4,
2010/12/5,
2010/12/6,82.78
2010/12/7,82.62
2010/12/8,83.88
2010/12/9,83.82
2010/12/10,83.73
2010/12/11,
2010/12/12,
2010/12/13,84.21
2010/12/14,83.38
2010/12/15,83.95
2010/12/16,84.24
2010/12/17,83.93
2010/12/18,
2010/12/19,
2010/12/20,83.87
2010/12/21,83.74
2010/12/22,83.69
2010/12/23,
2010/12/24,82.97
2010/12/25,
2010/12/26,
2010/12/27,82.76
2010/12/28,82.42
2010/12/29,82.06
2010/12/30,81.51
2010/12/31,
2011/1/1,
2011/1/2,
2011/1/3,
2011/1/4,82.28
2011/1/5,81.96
2011/1/6,83.13
2011/1/7,83.48
2011/1/8,
2011/1/9,
2011/1/10,
2011/1/11,83.11
2011/1/12,83.01
2011/1/13,83.01
2011/1/14,82.51
2011/1/15,
2011/1/16,
2011/1/17,82.91
2011/1/18,82.54
2011/1/19,82.06
2011/1/20,82.2
2011/1/21,82.78
2011/1/22,
2011/1/23,
2011/1/24,82.84
2011/1/25,82.41
2011/1/26,82.15
2011/1/27,82.86
2011/1/28,82.65
2011/1/29,
2011/1/30,
2011/1/31,82.04
2011/2/1,81.8
2011/2/2,81.48
2011/2/3,81.55
2011/2/4,81.6
2011/2/5,
2011/2/6,
2011/2/7,82.47
2011/2/8,82.13
2011/2/9,82.42
2011/2/10,82.63
2011/2/11,
2011/2/12,
2011/2/13,
2011/2/14,83.19
2011/2/15,83.6
2011/2/16,83.73
2011/2/17,83.54
2011/2/18,83.29
2011/2/19,
2011/2/20,
2011/2/21,83.13
2011/2/22,83.25
2011/2/23,82.72
2011/2/24,81.87
2011/2/25,81.83
2011/2/26,
2011/2/27,
2011/2/28,81.68
2011/3/1,82.19
2011/3/2,82.05
2011/3/3,81.89
2011/3/4,82.41
2011/3/5,
2011/3/6,
2011/3/7,82.23
2011/3/8,82.45
2011/3/9,82.82
2011/3/10,82.77
2011/3/11,82.8
2011/3/12,
2011/3/13,
2011/3/14,82.1
2011/3/15,81.52
2011/3/16,80.93
2011/3/17,79.22
2011/3/18,81.7
2011/3/19,
2011/3/20,
2011/3/21,
2011/3/22,81.03
2011/3/23,80.74
2011/3/24,80.87
2011/3/25,80.99
2011/3/26,
2011/3/27,
2011/3/28,81.69
2011/3/29,81.73
2011/3/30,83.01
2011/3/31,82.84
2011/4/1,83.67
2011/4/2,
2011/4/3,
2011/4/4,84.05
2011/4/5,84.35
2011/4/6,85.04
2011/4/7,85.25
2011/4/8,85.24
2011/4/9,
2011/4/10,
2011/4/11,84.75
2011/4/12,84.33
2011/4/13,84.05
2011/4/14,83.48
2011/4/15,83.03
2011/4/16,
2011/4/17,
2011/4/18,82.98
2011/4/19,82.52
2011/4/20,82.78
2011/4/21,82.08
2011/4/22,81.99
2011/4/23,
2011/4/24,
2011/4/25,82.13
2011/4/26,81.72
2011/4/27,81.79
2011/4/28,81.6
2011/4/29,
2011/4/30,
2011/5/1,
2011/5/2,81.51
2011/5/3,
2011/5/4,
2011/5/5,
2011/5/6,80.41
2011/5/7,
2011/5/8,
2011/5/9,80.65
2011/5/10,80.81
2011/5/11,80.72
2011/5/12,81.1
2011/5/13,80.52
2011/5/14,
2011/5/15,
2011/5/16,80.95
2011/5/17,81.63
2011/5/18,81.02
2011/5/19,81.81
2011/5/20,81.62
2011/5/21,
2011/5/22,
2011/5/23,81.43
2011/5/24,81.84
2011/5/25,82.09
2011/5/26,81.93
2011/5/27,80.99
2011/5/28,
2011/5/29,
2011/5/30,80.83
2011/5/31,81.6
2011/6/1,81.39
2011/6/2,80.97
2011/6/3,80.65
2011/6/4,
2011/6/5,
2011/6/6,80.23
2011/6/7,80.23
2011/6/8,79.84
2011/6/9,80.1
2011/6/10,80.09
2011/6/11,
2011/6/12,
2011/6/13,80.33
2011/6/14,80.37
2011/6/15,80.6
2011/6/16,80.62
2011/6/17,80.49
2011/6/18,
2011/6/19,
2011/6/20,80.16
2011/6/21,80.19
2011/6/22,80.21
2011/6/23,80.56
2011/6/24,80.58
2011/6/25,
2011/6/26,
2011/6/27,80.79
2011/6/28,80.83
2011/6/29,81.08
2011/6/30,80.42
2011/7/1,80.78
2011/7/2,
2011/7/3,
2011/7/4,80.67
2011/7/5,81.15
2011/7/6,80.97
2011/7/7,80.97
2011/7/8,81.34
2011/7/9,
2011/7/10,
2011/7/11,80.75
2011/7/12,79.78
2011/7/13,79.4
2011/7/14,79.06
2011/7/15,79.2
2011/7/16,
2011/7/17,
2011/7/18,
2011/7/19,79.05
2011/7/20,78.94
2011/7/21,78.78
2011/7/22,78.68
2011/7/23,
2011/7/24,
2011/7/25,78.23
2011/7/26,78.07
2011/7/27,77.64
2011/7/28,77.68
2011/7/29,77.59
2011/7/30,
2011/7/31,
2011/8/1,77.55
2011/8/2,77.23
2011/8/3,77.18
2011/8/4,79.89
2011/8/5,78.54
2011/8/6,
2011/8/7,
2011/8/8,77.88
2011/8/9,77.31
2011/8/10,76.69
2011/8/11,76.6
2011/8/12,76.65
2011/8/13,
2011/8/14,
2011/8/15,76.87
2011/8/16,76.88
2011/8/17,76.6
2011/8/18,76.59
2011/8/19,76.48
2011/8/20,
2011/8/21,
2011/8/22,76.75
2011/8/23,76.65
2011/8/24,76.64
2011/8/25,77.02
2011/8/26,77.05
2011/8/27,
2011/8/28,
2011/8/29,76.65
2011/8/30,76.7
2011/8/31,76.58
2011/9/1,76.92
2011/9/2,76.82
2011/9/3,
2011/9/4,
2011/9/5,76.81
2011/9/6,76.75
2011/9/7,77.24
2011/9/8,77.41
2011/9/9,77.55
2011/9/10,
2011/9/11,
2011/9/12,76.86
2011/9/13,76.96
2011/9/14,76.91
2011/9/15,76.72
2011/9/16,76.77
2011/9/17,
2011/9/18,
2011/9/19,
2011/9/20,76.54
2011/9/21,76.35
2011/9/22,76.44
2011/9/23,
2011/9/24,
2011/9/25,
2011/9/26,76.51
2011/9/27,76.4
2011/9/28,76.43
2011/9/29,76.48
2011/9/30,76.7
2011/10/1,
2011/10/2,
2011/10/3,76.92
2011/10/4,76.68
2011/10/5,76.67
2011/10/6,76.74
2011/10/7,76.65
2011/10/8,
2011/10/9,
2011/10/10,
2011/10/11,76.7
2011/10/12,76.65
2011/10/13,77.14
2011/10/14,76.98
2011/10/15,
2011/10/16,
2011/10/17,77.43
2011/10/18,76.81
2011/10/19,76.76
2011/10/20,76.69
2011/10/21,76.71
2011/10/22,
2011/10/23,
2011/10/24,76.24
2011/10/25,76.12
2011/10/26,75.92
2011/10/27,75.93
2011/10/28,75.84
2011/10/29,
2011/10/30,
2011/10/31,78.81
2011/11/1,78.1
2011/11/2,78.14
2011/11/3,
2011/11/4,78.05
2011/11/5,
2011/11/6,
2011/11/7,78.18
2011/11/8,78.05
2011/11/9,77.6
2011/11/10,77.65
2011/11/11,77.46
2011/11/12,
2011/11/13,
2011/11/14,77.1
2011/11/15,76.98
2011/11/16,76.96
2011/11/17,76.98
2011/11/18,76.73
2011/11/19,
2011/11/20,
2011/11/21,76.8
2011/11/22,76.99
2011/11/23,
2011/11/24,77.15
2011/11/25,77.36
2011/11/26,
2011/11/27,
2011/11/28,77.72
2011/11/29,77.93
2011/11/30,78.01
2011/12/1,77.63
2011/12/2,77.77
2011/12/3,
2011/12/4,
2011/12/5,77.99
2011/12/6,77.76
2011/12/7,77.69
2011/12/8,77.6
2011/12/9,77.68
2011/12/10,
2011/12/11,
2011/12/12,77.62
2011/12/13,77.81
2011/12/14,77.99
2011/12/15,77.94
2011/12/16,77.89
2011/12/17,
2011/12/18,
2011/12/19,77.92
2011/12/20,77.96
2011/12/21,77.73
2011/12/22,78.12
2011/12/23,
2011/12/24,
2011/12/25,
2011/12/26,78
2011/12/27,77.92
2011/12/28,77.8
2011/12/29,77.71
2011/12/30,77.57
2011/12/31,
2012/1/1,
2012/1/2,
2012/1/3,
2012/1/4,76.69
2012/1/5,76.78
2012/1/6,77.18
2012/1/7,
2012/1/8,
2012/1/9,
2012/1/10,76.86
2012/1/11,76.93
2012/1/12,76.96
2012/1/13,76.69
2012/1/14,
2012/1/15,
2012/1/16,76.83
2012/1/17,76.6
2012/1/18,76.72
2012/1/19,76.76
2012/1/20,77.21
2012/1/21,
2012/1/22,
2012/1/23,77.05
2012/1/24,77.01
2012/1/25,77.93
2012/1/26,77.54
2012/1/27,77.05
2012/1/28,
2012/1/29,
2012/1/30,76.7
2012/1/31,76.3
2012/2/1,76.19
2012/2/2,76.13
2012/2/3,76.19
2012/2/4,
2012/2/5,
2012/2/6,76.61
2012/2/7,76.64
2012/2/8,77.07
2012/2/9,77.23
2012/2/10,77.69
2012/2/11,
2012/2/12,
2012/2/13,77.7
2012/2/14,77.98
2012/2/15,78.47
2012/2/16,78.63
2012/2/17,79.08
2012/2/18,
2012/2/19,
2012/2/20,79.44
2012/2/21,79.8
2012/2/22,80.04
2012/2/23,80.12
2012/2/24,80.57
2012/2/25,
2012/2/26,
2012/2/27,81.11
2012/2/28,80.65
2012/2/29,80.49
2012/3/1,81.07
2012/3/2,81.71
2012/3/3,
2012/3/4,
2012/3/5,81.19
2012/3/6,81.28
2012/3/7,80.77
2012/3/8,81.33
2012/3/9,81.64
2012/3/10,
2012/3/11,
2012/3/12,82.23
2012/3/13,82.39
2012/3/14,83.24
2012/3/15,83.74
2012/3/16,83.54
2012/3/17,
2012/3/18,
2012/3/19,83.14
2012/3/20,
2012/3/21,83.66
2012/3/22,83.27
2012/3/23,82.79
2012/3/24,
2012/3/25,
2012/3/26,82.72
2012/3/27,82.77
2012/3/28,82.8
2012/3/29,82.42
2012/3/30,82.17
2012/3/31,
2012/4/1,
2012/4/2,82.91
2012/4/3,82.08
2012/4/4,82.71
2012/4/5,82.26
2012/4/6,82.42
2012/4/7,
2012/4/8,
2012/4/9,81.32
2012/4/10,81.18
2012/4/11,80.61
2012/4/12,80.99
2012/4/13,80.93
2012/4/14,
2012/4/15,
2012/4/16,80.55
2012/4/17,80.58
2012/4/18,81.32
2012/4/19,81.47
2012/4/20,81.61
2012/4/21,
2012/4/22,
2012/4/23,81.06
2012/4/24,81.17
2012/4/25,81.3
2012/4/26,81.12
2012/4/27,80.74
2012/4/28,
2012/4/29,
2012/4/30,
2012/5/1,79.74
2012/5/2,80.33
2012/5/3,
2012/5/4,
2012/5/5,
2012/5/6,
2012/5/7,79.86
2012/5/8,79.93
2012/5/9,79.81
2012/5/10,79.75
2012/5/11,79.81
2012/5/12,      
2012/5/13,      
